Insegna,Tipo via,Via,Civico,Codice via,Municipio,Accesso,Isolato,Presso,Forma commercio prevalente,Forma commercio secondaria,Forma vendita,Superficie somministrazione,Bar caffè,Bar gastronomici e simili,Biliardo,Bocce,Carte,Cibi cotti preconfezionati,Discoteche,Genere merceol.autorizz.sanit.,Giochi legge 388/2000,Mensa,Pizzeria,Prodotti di gastronomia,Ristorante,Spaccio bevande analcoliche,Tavola calda,Tavola fredda,Fast food,Osteria,Self service,Trattoria,context_type,IsAnomaly
c/o niguarda ca granda,PIAZZA,OSPEDALE MAGGIORE,3,1523,9,accesso interno,0,Non specificato,somministrazione,Assente,al banco,78.0,False,False,False,False,False,False,False,False,False,False,False,False,False,False,False,False,False,False,False,False,other,False
coffee design triennale m,VIALE,ALEMAGNA EMILIO,6,7106,1,accesso interno,0,Non specificato,somministrazione,Assente,al banco,138.0,False,False,False,False,False,False,False,False,False,False,False,False,False,False,False,False,False,False,False,False,other,False
Non specificata,VIA,SERIO,15,4130,5,accesso interno,0,Non specificato,somministrazione,Assente,al banco,205.0,False,False,False,False,False,False,False,False,False,False,False,False,False,False,False,False,False,False,False,False,other,False
Non specificata,CORSO,BUENOS AIRES,36,2129,3,accesso interno,0,Non specificato,somministrazione,Assente,al banco,39.0,False,False,False,False,False,False,False,False,False,False,False,False,False,False,False,False,False,False,False,False,other,False
Non specificata,CORSO,MATTEOTTI GIACOMO,7,218,1,accesso interno,0,Non specificato,somministrazione,Assente,al banco,91.0,False,False,False,False,False,False,False,False,False,False,False,False,False,False,False,False,False,False,False,False,other,False
mensa int.consama scarl.,LARGO,DOMODOSSOLA,1,6140,8,accesso interno,0,Non specificato,somministrazione,Assente,al banco,143.0,False,False,False,False,False,False,False,False,False,False,False,False,False,False,False,False,False,False,False,False,other,False
Non specificata,PIAZZALE,LOTTO LORENZO,15,6539,8,accesso interno,0,lido di milano,somministrazione,Assente,al banco,94.0,False,False,False,False,False,False,False,False,False,False,False,False,False,False,False,False,False,False,False,False,other,False
bar caffe,PIAZZA,CADUTI DEL LAVORO,5,5249,5,accesso interno,0,Non specificato,somministrazione,Assente,al banco,22.0,False,False,False,False,False,False,False,False,False,False,False,False,False,False,False,False,False,False,False,False,horeca,False
Non specificata,PIAZZA,CASTELLO,000,704,1,accesso interno,0,Non specificato,somministrazione,Assente,al banco,94.0,False,False,False,False,False,False,False,False,False,False,False,False,False,False,False,False,False,False,False,False,other,False
Non specificata,PIAZZA,DUCA D'AOSTA,S.N.C.,1200,2,accesso interno,0,Non specificato,somministrazione,Assente,al banco,81.0,False,False,False,False,False,False,False,False,False,False,False,False,False,False,False,False,False,False,False,False,other,False
Non specificata,PIAZZA,ESQUILINO,9,6533,7,accesso interno,0,Non specificato,somministrazione,Assente,al banco,263.0,False,False,False,False,False,False,False,False,False,False,False,False,False,False,False,False,False,False,False,False,other,False
Non specificata,PIAZZA,LUIGI DI SAVOIA,1,2260,2,accesso interno,0,Non specificato,somministrazione,Assente,al banco,159.0,False,False,False,False,False,False,False,False,False,False,False,False,False,False,False,False,False,False,False,False,other,False
Non specificata,PIAZZA,STUPARICH CARLO,1,6468,8,accesso interno,0,palalido,somministrazione,Assente,al banco,69.0,False,False,False,False,False,False,False,False,False,False,False,False,False,False,False,False,False,False,False,False,other,False
Non specificata,VIA,ALSERIO,5,1153,9,accesso interno,0,Non specificato,somministrazione,Assente,al banco,42.0,False,False,False,False,False,False,False,False,False,False,False,False,False,False,False,False,False,False,False,False,other,False
Non specificata,VIA,AMPERE ANDREA MARIA,20,2428,3,accesso interno,0,Non specificato,somministrazione,Assente,al banco,25.0,False,False,False,False,False,False,False,False,False,False,False,False,False,False,False,False,False,False,False,False,other,False
Non specificata,VIA,ARPINO,11,6331,7,accesso interno,0,Non specificato,somministrazione,Assente,al banco,166.0,False,False,False,False,False,False,False,False,False,False,False,False,False,False,False,False,False,False,False,False,other,False
Non specificata,VIA,BELGIOIOSO CRISTINA,120,7501,8,accesso interno,0,Non specificato,somministrazione,Assente,al banco,67.0,False,False,False,False,False,False,False,False,False,False,False,False,False,False,False,False,False,False,False,False,other,False
Non specificata,VIA,BORSA MARIO,50,7523,8,accesso interno,3,parrocchia,somministrazione,Assente,al banco,45.0,False,False,False,False,False,False,False,False,False,False,False,False,False,False,False,False,False,False,False,False,other,False
Non specificata,VIA,CALABRIA DON GIOVANNI,16,2524,3,accesso interno,0,Non specificato,somministrazione,Assente,al banco,187.0,False,False,False,False,False,False,False,False,False,False,False,False,False,False,False,False,False,False,False,False,other,False
Non specificata,VIA,CALABRIA DON GIOVANNI,21,2524,3,accesso interno,0,Non specificato,somministrazione,Assente,al banco,67.0,False,False,False,False,False,False,False,False,False,False,False,False,False,False,False,False,False,False,False,False,other,False
Non specificata,VIA,CANDIANI GIUSEPPE,131,1242,9,accesso interno,0,Non specificato,somministrazione,Assente,al banco,67.0,False,False,False,False,False,False,False,False,False,False,False,False,False,False,False,False,False,False,False,False,other,False
Non specificata,VIA,CANDIANI GIUSEPPE,26,1242,9,accesso interno,0,bocciodromo comunale,somministrazione,Assente,al banco,120.0,False,False,False,False,False,False,False,False,False,False,False,False,False,False,False,False,False,False,False,False,other,False
collegio universitario,VIA,CASTELBARCO GIAN CARLO,30,4201,5,accesso interno,0,collegio universitario,somministrazione,Assente,al banco,44.0,False,False,False,False,False,False,False,False,False,False,False,False,False,False,False,False,False,False,False,False,school,False
Non specificata,VIA,CASTEL MORRONE,5,3185,3,accesso interno,0,Non specificato,somministrazione,Assente,al banco,76.0,False,False,False,False,False,False,False,False,False,False,False,False,False,False,False,False,False,False,False,False,other,False
Non specificata,VIA,CAVEZZALI FRANCESCO,9,2335,2,accesso interno,0,Non specificato,somministrazione,Assente,al banco,84.0,False,False,False,False,False,False,False,False,False,False,False,False,False,False,False,False,False,False,False,False,other,False
int.spazi tiglio j srl.,VIA,CAVIGLIA ENRICO,11,4198,4,accesso interno,0,Non specificato,somministrazione,Assente,al banco,83.0,False,False,False,False,False,False,False,False,False,False,False,False,False,False,False,False,False,False,False,False,company,False
Non specificata,VIA,CILEA FRANCESCO,51,7526,8,accesso interno,0,Non specificato,somministrazione,Assente,al banco,58.0,False,False,False,False,False,False,False,False,False,False,False,False,False,False,False,False,False,False,False,False,other,False
Non specificata,VIA,CILEA FRANCESCO,061,7526,8,accesso interno,0,Non specificato,somministrazione,Assente,al banco,82.0,False,False,False,False,False,False,False,False,False,False,False,False,False,False,False,False,False,False,False,False,other,False
bar/centro sportiv.saini,VIA,CORELLI ARCANGELO,136,3243,3,accesso interno,0,Non specificato,somministrazione,Assente,al banco,138.0,False,False,False,False,False,False,False,False,False,False,False,False,False,False,False,False,False,False,False,False,horeca,False
bar bianco(int.parco semp,VIA,CURTATONE,12,4034,1,accesso interno,113,Non specificato,somministrazione,Assente,al banco,42.0,False,False,False,False,False,False,False,False,False,False,False,False,False,False,False,False,False,False,False,False,horeca,False
nuova accad. belle arti,VIA,DARWIN CARLO ROBERTO,20,5238,6,accesso interno,0,Non specificato,somministrazione,Assente,al banco,83.0,False,False,False,False,False,False,False,False,False,False,False,False,False,False,False,False,False,False,False,False,other,False
Non specificata,VIA,DEGLI ULIVI,2,6825,7,accesso interno,0,Non specificato,somministrazione,Assente,al banco,164.0,False,False,False,False,False,False,False,False,False,False,False,False,False,False,False,False,False,False,False,False,other,False
Non specificata,VIA,DEI CICLAMINI,18,6693,6,accesso interno,0,Non specificato,somministrazione,Assente,al banco,60.0,False,False,False,False,False,False,False,False,False,False,False,False,False,False,False,False,False,False,False,False,other,False
Non specificata,VIA,DEI PESTAGALLI,27,3376,4,accesso interno,0,Non specificato,somministrazione,Assente,al banco,62.0,False,False,False,False,False,False,False,False,False,False,False,False,False,False,False,False,False,False,False,False,other,False
Non specificata,VIA,DEI PICCOLOMINI,5,6513,7,accesso interno,0,Non specificato,somministrazione,Assente,al banco,64.0,False,False,False,False,False,False,False,False,False,False,False,False,False,False,False,False,False,False,False,False,other,False
ippodromo del trotto,VIA,DEI PICCOLOMINI,002,6513,7,accesso interno,0,Non specificato,somministrazione,Assente,al banco,120.0,False,False,False,False,False,False,False,False,False,False,False,False,False,False,False,False,False,False,False,False,other,False
Non specificata,VIA,DELLE FORZE ARMATE,322,6643,7,accesso interno,0,Non specificato,somministrazione,Assente,al banco,96.0,False,False,False,False,False,False,False,False,False,False,False,False,False,False,False,False,False,False,False,False,other,False
Non specificata,VIA,DEL RICORDO,58,2496,2,accesso interno,0,Non specificato,somministrazione,Assente,al banco,70.0,False,False,False,False,False,False,False,False,False,False,False,False,False,False,False,False,False,False,False,False,other,False
Non specificata,VIA,DON MINZONI GIOVANNI,11,1141,9,accesso interno,0,Non specificato,somministrazione,Assente,al banco,219.0,False,False,False,False,False,False,False,False,False,False,False,False,False,False,False,False,False,False,False,False,other,False
Non specificata,VIA,DURINI,14,313,1,accesso interno,0,Non specificato,somministrazione,Assente,al banco,71.0,False,False,False,False,False,False,False,False,False,False,False,False,False,False,False,False,False,False,False,False,other,False
Non specificata,VIA,FARAVELLI LUIGI GIUSEPPE,16,7162,8,accesso interno,0,Non specificato,somministrazione,Assente,al banco,64.0,False,False,False,False,False,False,False,False,False,False,False,False,False,False,False,False,False,False,False,False,other,False
Non specificata,VIA,FIGINO AMBROGIO,13,7387,8,accesso interno,0,Non specificato,somministrazione,Assente,al banco,150.0,False,False,False,False,False,False,False,False,False,False,False,False,False,False,False,False,False,False,False,False,other,False
Non specificata,VIA,FILODRAMMATICI,2,113,1,accesso interno,0,Non specificato,somministrazione,Assente,al banco,82.0,False,False,False,False,False,False,False,False,False,False,False,False,False,False,False,False,False,False,False,False,other,False
Non specificata,VIA,GAGGIA PIETRO,4,4187,4,accesso interno,0,Non specificato,somministrazione,Assente,al banco,78.0,False,False,False,False,False,False,False,False,False,False,False,False,False,False,False,False,False,False,False,False,other,False
Non specificata,VIA,GALILEI GALILEO,12,1102,2,accesso interno,0,Non specificato,somministrazione,Assente,al banco,108.0,False,False,False,False,False,False,False,False,False,False,False,False,False,False,False,False,False,False,False,False,other,False
Non specificata,VIA,GARGANO,15,4163,5,accesso interno,0,Non specificato,somministrazione,Assente,al banco,375.0,False,False,False,False,False,False,False,False,False,False,False,False,False,False,False,False,False,False,False,False,other,False
Non specificata,VIA,GIAMBELLINO,5,5136,6,accesso interno,0,Non specificato,somministrazione,Assente,al banco,28.0,False,False,False,False,False,False,False,False,False,False,False,False,False,False,False,False,False,False,False,False,other,False
Non specificata,VIA,GIOIA MELCHIORRE,69,1108,2,accesso interno,0,Non specificato,somministrazione,Assente,al banco,91.0,False,False,False,False,False,False,False,False,False,False,False,False,False,False,False,False,False,False,False,False,other,False
Non specificata,VIA,GIOVANNI DA PROCIDA,1,7151,8,accesso interno,0,Non specificato,somministrazione,Assente,al banco,68.0,False,False,False,False,False,False,False,False,False,False,False,False,False,False,False,False,False,False,False,False,other,False
Non specificata,VIA,GONIN FRANCESCO,16,5376,6,accesso interno,0,campo giordano dell'amore,somministrazione,Assente,al banco,40.0,False,False,False,False,False,False,False,False,False,False,False,False,False,False,False,False,False,False,False,False,other,False
Non specificata,VIA,GORANI,009,635,1,accesso interno,0,Non specificato,somministrazione,Assente,al banco,59.0,False,False,False,False,False,False,False,False,False,False,False,False,False,False,False,False,False,False,False,False,other,False
Non specificata,VIA,GRAF ARTURO,4,7338,8,accesso interno,0,Non specificato,somministrazione,Assente,al banco,45.0,False,False,False,False,False,False,False,False,False,False,False,False,False,False,False,False,False,False,False,False,other,False
Non specificata,VIA,GRAZIANO IMPERATORE,000,1524,9,accesso interno,0,Non specificato,somministrazione,Assente,al banco,78.0,False,False,False,False,False,False,False,False,False,False,False,False,False,False,False,False,False,False,False,False,other,False
Non specificata,VIA,IMBONATI CARLO,24,1311,9,accesso interno,0,Non specificato,somministrazione,Assente,al banco,72.0,False,False,False,False,False,False,False,False,False,False,False,False,False,False,False,False,False,False,False,False,other,False
Non specificata,VIA,ISEO,10,1571,9,accesso interno,0,stabilimento balneare,somministrazione,Assente,al banco,73.0,False,False,False,False,False,False,False,False,False,False,False,False,False,False,False,False,False,False,False,False,company,False
Non specificata,VIA,LAGO DI NEMI,031,5351,6,accesso interno,0,Non specificato,somministrazione,Assente,al banco,40.0,False,False,False,False,False,False,False,False,False,False,False,False,False,False,False,False,False,False,False,False,other,False
Non specificata,VIA,LARGA,15,318,1,accesso interno,0,Non specificato,somministrazione,Assente,al banco,80.0,False,False,False,False,False,False,False,False,False,False,False,False,False,False,False,False,False,False,False,False,other,False
Non specificata,VIA,LEGNONE,57,1298,9,accesso interno,0,Non specificato,somministrazione,Assente,al banco,80.0,False,False,False,False,False,False,False,False,False,False,False,False,False,False,False,False,False,False,False,False,other,False
Non specificata,VIA,LEONE XIII,14,6353,8,accesso interno,0,Non specificato,somministrazione,Assente,al banco,96.0,False,False,False,False,False,False,False,False,False,False,False,False,False,False,False,False,False,False,False,False,other,False
Non specificata,VIA,LOMBROSO CESARE,103,3334,4,accesso interno,0,Non specificato,somministrazione,Assente,al banco,34.0,False,False,False,False,False,False,False,False,False,False,False,False,False,False,False,False,False,False,False,False,other,False
Non specificata,VIA,LONDONIO FRANCESCO,14,7134,8,accesso interno,0,Non specificato,somministrazione,Assente,al banco,57.0,False,False,False,False,False,False,False,False,False,False,False,False,False,False,False,False,False,False,False,False,other,False
Non specificata,VIA,LOPE DE VEGA FELICE,35,5408,6,accesso interno,0,il lope,somministrazione,Assente,al banco,110.0,False,False,False,False,False,False,False,False,False,False,False,False,False,False,False,False,False,False,False,False,other,False
Non specificata,VIA,LUDOVICO DI BREME,25,7396,8,accesso interno,0,Non specificato,somministrazione,Assente,al banco,71.0,False,False,False,False,False,False,False,False,False,False,False,False,False,False,False,False,False,False,False,False,other,False
Non specificata,VIA,MALPIGHI MARCELLO,3,2182,3,accesso interno,0,Non specificato,somministrazione,Assente,al banco,230.0,False,False,False,False,False,False,False,False,False,False,False,False,False,False,False,False,False,False,False,False,other,False
circolo don massimo bign,VIA,MANARESI CESARE,13,6837,7,accesso interno,0,Non specificato,somministrazione,Assente,al banco,92.0,False,False,False,False,False,False,False,False,False,False,False,False,False,False,False,False,False,False,False,False,other,False
Non specificata,VIA,MANCINI LODOVICO,2,3082,4,accesso interno,0,Non specificato,somministrazione,Assente,al banco,18.0,False,False,False,False,False,False,False,False,False,False,False,False,False,False,False,False,False,False,False,False,other,False
Non specificata,VIA,MANZONI ALESSANDRO,42,230,1,accesso interno,0,Non specificato,somministrazione,Assente,al banco,35.0,False,False,False,False,False,False,False,False,False,False,False,False,False,False,False,False,False,False,False,False,other,False
Non specificata,VIA,MARCELLO BENEDETTO,79,2128,3,accesso interno,0,Non specificato,somministrazione,Assente,al banco,338.0,False,False,False,False,False,False,False,False,False,False,False,False,False,False,False,False,False,False,False,False,other,False
Non specificata,VIA,MASOTTO UMBERTO,12,3283,4,accesso interno,0,Non specificato,somministrazione,Assente,al banco,83.0,False,False,False,False,False,False,False,False,False,False,False,False,False,False,False,False,False,False,False,False,other,False
Non specificata,VIA,MASSARA DE CAPITANI,3,1261,9,accesso interno,0,Non specificato,somministrazione,Assente,al banco,55.0,False,False,False,False,False,False,False,False,False,False,False,False,False,False,False,False,False,False,False,False,other,False
Non specificata,VIA,MELEGARI LUIGI AMEDEO,1,3045,1,accesso interno,0,Non specificato,somministrazione,Assente,al banco,118.0,False,False,False,False,False,False,False,False,False,False,False,False,False,False,False,False,False,False,False,False,other,False
Non specificata,VIA,MELZO,5,2184,3,accesso interno,0,Non specificato,somministrazione,Assente,al banco,30.0,False,False,False,False,False,False,False,False,False,False,False,False,False,False,False,False,False,False,False,False,other,False
new ciao ciao,VIA,MERLO CARLO GIUSEPPE,3,329,1,accesso interno,0,Non specificato,somministrazione,Assente,al banco,60.0,False,False,False,False,False,False,False,False,False,False,False,False,False,False,False,False,False,False,False,False,other,False
Non specificata,VIA,MODENA GUSTAVO,2,3122,3,accesso interno,0,Non specificato,somministrazione,Assente,al banco,15.0,False,False,False,False,False,False,False,False,False,False,False,False,False,False,False,False,False,False,False,False,other,False
Non specificata,VIA,MONDOVI',7,2515,2,accesso interno,0,Non specificato,somministrazione,Assente,al banco,390.0,False,False,False,False,False,False,False,False,False,False,False,False,False,False,False,False,False,False,False,False,other,False
Non specificata,VIA,MONTE ROSA,81,6388,7,accesso interno,0,comunita' religiosa p.i.m.e.,somministrazione,Assente,al banco,68.0,False,False,False,False,False,False,False,False,False,False,False,False,False,False,False,False,False,False,False,False,other,False
mensa interaziendale,VIA,MONTE ROSA,91,6388,7,accesso interno,0,servizi aziendali pricewaterhousecoopers srl,somministrazione,Assente,al banco,154.0,False,False,False,False,False,False,False,False,False,False,False,False,False,False,False,False,False,False,False,False,company,False
Non specificata,VIA,NATTA GIULIO,48,6860,8,accesso interno,0,Non specificato,somministrazione,Assente,al banco,83.0,False,False,False,False,False,False,False,False,False,False,False,False,False,False,False,False,False,False,False,False,other,False
Non specificata,VIA,OLGETTINA,60,2530,3,accesso interno,0,Non specificato,somministrazione,Assente,al banco,171.0,False,False,False,False,False,False,False,False,False,False,False,False,False,False,False,False,False,False,False,False,other,False
Non specificata,VIA,OLIVIERI ALESSIO,15,6703,7,accesso interno,0,Non specificato,somministrazione,Assente,al banco,41.0,False,False,False,False,False,False,False,False,False,False,False,False,False,False,False,False,False,False,False,False,other,False
Non specificata,VIA,OROPA,3,2381,2,accesso interno,0,Non specificato,somministrazione,Assente,al banco,170.0,False,False,False,False,False,False,False,False,False,False,False,False,False,False,False,False,False,False,False,False,other,False
Non specificata,VIA,OSLAVIA,28,2672,3,accesso interno,0,Non specificato,somministrazione,Assente,al banco,58.0,False,False,False,False,False,False,False,False,False,False,False,False,False,False,False,False,False,False,False,False,other,False
Non specificata,VIA,PAISIELLO GIOVANNI,7,2245,3,accesso interno,0,Non specificato,somministrazione,Assente,al banco,11.0,False,False,False,False,False,False,False,False,False,False,False,False,False,False,False,False,False,False,False,False,other,False
Non specificata,VIA,PALLANZA,26,1453,2,accesso interno,0,Non specificato,somministrazione,Assente,al banco,43.0,False,False,False,False,False,False,False,False,False,False,False,False,False,False,False,False,False,False,False,False,other,False
Non specificata,VIA,PALMARIA,9,1404,9,accesso interno,163,Non specificato,somministrazione,Assente,al banco,52.0,False,False,False,False,False,False,False,False,False,False,False,False,False,False,False,False,False,False,False,False,other,False
Non specificata,VIA,PANIZZA BARTOLOMEO,8,6208,7,accesso interno,0,Non specificato,somministrazione,Assente,al banco,32.0,False,False,False,False,False,False,False,False,False,False,False,False,False,False,False,False,False,False,False,False,other,False
Non specificata,VIA,PERGOLESI GIOVANNI BATTISTA,8,2231,3,accesso interno,0,Non specificato,somministrazione,Assente,al banco,100.0,False,False,False,False,False,False,False,False,False,False,False,False,False,False,False,False,False,False,False,False,other,False
Non specificata,VIA,PIERO DELLA FRANCESCA,55,7188,8,accesso interno,0,Non specificato,somministrazione,Assente,al banco,41.0,False,False,False,False,False,False,False,False,False,False,False,False,False,False,False,False,False,False,False,False,other,False
Non specificata,VIA,PISANELLO,1,6600,7,accesso interno,0,Non specificato,somministrazione,Assente,al banco,101.0,False,False,False,False,False,False,False,False,False,False,False,False,False,False,False,False,False,False,False,False,other,False
c/o arcigay binario uno,VIA,PLEZZO,16,2653,3,accesso interno,0,Non specificato,somministrazione,Assente,al banco,160.0,False,False,False,False,False,False,False,False,False,False,False,False,False,False,False,False,False,False,False,False,other,False
Non specificata,VIA,POLIBIO,1,6195,7,accesso interno,0,Non specificato,somministrazione,Assente,al banco,108.0,False,False,False,False,False,False,False,False,False,False,False,False,False,False,False,False,False,False,False,False,other,False
Non specificata,VIA,PORRO LAMBERTENGHI LUIGI,12,1142,9,accesso interno,0,Non specificato,somministrazione,Assente,al banco,31.0,False,False,False,False,False,False,False,False,False,False,False,False,False,False,False,False,False,False,False,False,other,False
Non specificata,VIA,POZZOBONELLI GIUSEPPE,4,1725,9,accesso interno,0,Non specificato,somministrazione,Assente,al banco,59.0,False,False,False,False,False,False,False,False,False,False,False,False,False,False,False,False,False,False,False,False,other,False
Non specificata,VIA,PROCACCINI GIULIO CESARE,4,7204,8,accesso interno,0,Non specificato,somministrazione,Assente,al banco,108.0,False,False,False,False,False,False,False,False,False,False,False,False,False,False,False,False,False,False,False,False,other,False
c/o a.f.p.g.,VIA,PUSIANO,52,2397,3,accesso interno,0,a.f. giovanni piamarta,somministrazione,Assente,al banco,356.0,False,False,False,False,False,False,False,False,False,False,False,False,False,False,False,False,False,False,False,False,other,False
Non specificata,VIA,REMBRANDT,58,6618,7,accesso interno,0,Non specificato,somministrazione,Assente,al banco,10.0,False,False,False,False,False,False,False,False,False,False,False,False,False,False,False,False,False,False,False,False,other,False
Non specificata,VIA,RINUCCINI OTTAVIO,7,2294,2,accesso interno,0,Non specificato,somministrazione,Assente,al banco,105.0,False,False,False,False,False,False,False,False,False,False,False,False,False,False,False,False,False,False,False,False,other,False
int. ist. oncologia,VIA,RIPAMONTI GIUSEPPE,435,4066,5,accesso interno,0,Non specificato,somministrazione,Assente,al banco,222.0,False,False,False,False,False,False,False,False,False,False,False,False,False,False,False,False,False,False,False,False,other,False
Non specificata,VIA,RISMONDO FRANCESCO,77,6756,7,accesso interno,0,Non specificato,somministrazione,Assente,al banco,97.0,False,False,False,False,False,False,False,False,False,False,False,False,False,False,False,False,False,False,False,False,other,False
Non specificata,VIA,RIZZOLI ANGELO,8,2588,3,accesso interno,0,Non specificato,somministrazione,Assente,al banco,178.0,False,False,False,False,False,False,False,False,False,False,False,False,False,False,False,False,False,False,False,False,other,False
Non specificata,VIA,ROVIGNO,21,2319,2,accesso interno,0,Non specificato,somministrazione,Assente,al banco,38.0,False,False,False,False,False,False,False,False,False,False,False,False,False,False,False,False,False,False,False,False,other,False
Non specificata,VIA,SAND GEORGE,17,1554,9,accesso interno,0,Non specificato,somministrazione,Assente,al banco,90.0,False,False,False,False,False,False,False,False,False,False,False,False,False,False,False,False,False,False,False,False,other,False
Non specificata,VIA,SANT' ABBONDIO,12,5315,5,accesso interno,0,stabilimento balneare,somministrazione,Assente,al banco,37.0,False,False,False,False,False,False,False,False,False,False,False,False,False,False,False,False,False,False,False,False,company,False
blues house,VIA,SANT' UGUZZONE,26,2448,2,accesso interno,0,Non specificato,somministrazione,Assente,al banco,95.0,False,False,False,False,False,False,False,False,False,False,False,False,False,False,False,False,False,False,False,False,other,False
Non specificata,VIA,SARFATTI ROBERTO,25,4202,5,accesso interno,0,universita' bocconi milano,somministrazione,Assente,al banco,237.0,False,False,False,False,False,False,False,False,False,False,False,False,False,False,False,False,False,False,False,False,school,False
Non specificata,VIA,SCALARINI GIUSEPPE,8,4004,5,accesso interno,0,Non specificato,somministrazione,Assente,al banco,30.0,False,False,False,False,False,False,False,False,False,False,False,False,False,False,False,False,False,False,False,False,other,False
Non specificata,VIA,SCARLATTI DOMENICO,20,2136,3,accesso interno,0,Non specificato,somministrazione,Assente,al banco,50.0,False,False,False,False,False,False,False,False,False,False,False,False,False,False,False,False,False,False,False,False,other,False
Non specificata,VIA,SIMONE D'ORSENIGO,21,3196,4,accesso interno,0,Non specificato,somministrazione,Assente,al banco,23.0,False,False,False,False,False,False,False,False,False,False,False,False,False,False,False,False,False,False,False,False,other,False
Non specificata,VIA,SOTTOCORNO PASQUALE,6,3152,4,accesso interno,0,Non specificato,somministrazione,Assente,al banco,62.0,False,False,False,False,False,False,False,False,False,False,False,False,False,False,False,False,False,False,False,False,other,False
Non specificata,VIA,TUCIDIDE,56,3251,3,accesso interno,0,Non specificato,somministrazione,Assente,al banco,84.0,False,False,False,False,False,False,False,False,False,False,False,False,False,False,False,False,False,False,False,False,other,False
Non specificata,VIA,VALSESIA,96,6854,7,accesso interno,0,Non specificato,somministrazione,Assente,al banco,47.0,False,False,False,False,False,False,False,False,False,False,False,False,False,False,False,False,False,False,False,False,other,False
Non specificata,VIA,VALTELLINA,21,1188,9,accesso interno,0,Non specificato,somministrazione,Assente,al banco,382.0,False,False,False,False,False,False,False,False,False,False,False,False,False,False,False,False,False,False,False,False,other,False
Non specificata,VIA,VERRO BERNARDINO,7,4223,5,accesso interno,0,Non specificato,somministrazione,Assente,al banco,85.0,False,False,False,False,False,False,False,False,False,False,False,False,False,False,False,False,False,False,False,False,other,False
Non specificata,VIA,WASHINGTON GIORGIO,97,6111,6,accesso interno,0,Non specificato,somministrazione,Assente,al banco,83.0,False,False,False,False,False,False,False,False,False,False,False,False,False,False,False,False,False,False,False,False,other,False
Non specificata,VIALE,CERTOSA,119,7174,8,accesso interno,0,Non specificato,somministrazione,Assente,al banco,82.0,False,False,False,False,False,False,False,False,False,False,False,False,False,False,False,False,False,False,False,False,other,False
Non specificata,VIALE,COL DI LANA,12,5198,5,accesso interno,0,Non specificato,somministrazione,Assente,al banco,48.0,False,False,False,False,False,False,False,False,False,False,False,False,False,False,False,False,False,False,False,False,other,False
Non specificata,VIALE,DE GASPERI ALCIDE,20,7482,8,accesso interno,0,Non specificato,somministrazione,Assente,al banco,84.0,False,False,False,False,False,False,False,False,False,False,False,False,False,False,False,False,False,False,False,False,other,False
Non specificata,VIALE,DUILIO,S.N.C.,6356,8,accesso interno,0,Non specificato,somministrazione,Assente,al banco,44.0,False,False,False,False,False,False,False,False,False,False,False,False,False,False,False,False,False,False,False,False,other,False
Non specificata,VIALE,FAENZA,7,5350,6,accesso interno,0,Non specificato,somministrazione,Assente,al banco,46.0,False,False,False,False,False,False,False,False,False,False,False,False,False,False,False,False,False,False,False,False,other,False
nuovo intervallo srl,VIALE,LIGURIA,21,5264,6,accesso interno,0,Non specificato,somministrazione,Assente,al banco,35.0,False,False,False,False,False,False,False,False,False,False,False,False,False,False,False,False,False,False,False,False,company,False
Non specificata,VIALE,MONTE CENERI,62,7176,8,accesso interno,0,Non specificato,somministrazione,Assente,al banco,15.0,False,False,False,False,False,False,False,False,False,False,False,False,False,False,False,False,False,False,False,False,other,False
Non specificata,VIALE,MONTE GRAPPA,14,1101,9,accesso interno,0,Non specificato,somministrazione,Assente,al banco,54.0,False,False,False,False,False,False,False,False,False,False,False,False,False,False,False,False,False,False,False,False,other,False
Non specificata,VIALE,MONZA,110,2274,2,accesso interno,0,Non specificato,somministrazione,Assente,al banco,61.0,False,False,False,False,False,False,False,False,False,False,False,False,False,False,False,False,False,False,False,False,other,False
Non specificata,VIALE,MONZA,119,2274,2,accesso interno,0,Non specificato,somministrazione,Assente,al banco,85.0,False,False,False,False,False,False,False,False,False,False,False,False,False,False,False,False,False,False,False,False,other,False
Non specificata,VIALE,MURILLO S.B.,18,6551,7,accesso interno,0,Non specificato,somministrazione,Assente,al banco,61.0,False,False,False,False,False,False,False,False,False,False,False,False,False,False,False,False,False,False,False,False,other,False
Non specificata,VIALE,PIRELLI PIERO E ALBERTO,6,1727,9,accesso interno,0,Non specificato,somministrazione,Assente,al banco,10.0,False,False,False,False,False,False,False,False,False,False,False,False,False,False,False,False,False,False,False,False,other,False
Non specificata,VIALE,SAN MICHELE DEL CARSO,20,6212,7,accesso interno,0,Non specificato,somministrazione,Assente,al banco,87.0,False,False,False,False,False,False,False,False,False,False,False,False,False,False,False,False,False,False,False,False,other,False
Non specificata,VIALE,SARCA,336,1427,9,accesso interno,0,Non specificato,somministrazione,Assente,al banco,276.0,False,False,False,False,False,False,False,False,False,False,False,False,False,False,False,False,False,False,False,False,other,False
Non specificata,VIALE,SERRA RENATO,57,6426,8,accesso interno,0,Non specificato,somministrazione,Assente,al banco,84.0,False,False,False,False,False,False,False,False,False,False,False,False,False,False,False,False,False,False,False,False,other,False
Non specificata,VIALE,VIGLIANI PAOLO ONORATO,22,6422,8,accesso interno,0,Non specificato,somministrazione,Assente,al banco,10.0,False,False,False,False,False,False,False,False,False,False,False,False,False,False,False,False,False,False,False,False,other,False
arci ugo brenna,VIA,F.LLI ZOIA,89,6306,7,accesso interno,63,Non specificato,somministrazione,Assente,al banco,120.0,False,False,False,False,False,False,False,False,False,False,False,False,False,False,False,False,False,False,False,False,other,False
asital club,VIA,FRISI PAOLO,11,2190,3,accesso esterno,142,Non specificato,somministrazione,Assente,al banco,55.0,False,False,False,False,False,False,False,False,False,False,False,False,False,False,False,False,False,False,False,False,other,False
ass.cult.indiana sandya,VIA,VOGHERA,16,5123,6,accesso esterno,32,Non specificato,somministrazione,Assente,al banco,190.0,False,False,False,False,False,False,False,False,False,False,False,False,False,False,False,False,False,False,False,False,other,False
associazione reset,VIA,STATUTO,10,1029,1,accesso interno,175,Non specificato,somministrazione,Assente,al banco,70.0,False,False,False,False,False,False,False,False,False,False,False,False,False,False,False,False,False,False,False,False,other,False
c/o amici sosten.aprile91,VIA,BARI,2,5218,6,accesso interno,41,Non specificato,somministrazione,Assente,al banco,30.0,False,False,False,False,False,False,False,False,False,False,False,False,False,False,False,False,False,False,False,False,other,False
Non specificata,CORSO,BUENOS AIRES,26,2129,3,accesso esterno,82,Non specificato,somministrazione,Assente,al banco,34.0,True,False,False,False,False,False,False,False,False,False,False,False,False,False,False,False,False,False,False,False,other,False
Non specificata,CORSO,BUENOS AIRES,79,2129,3,accesso interno,7,english friends club,somministrazione,Assente,al banco,135.0,True,False,False,False,False,False,False,False,False,False,False,False,False,False,False,False,False,False,False,False,other,False
Non specificata,CORSO,DI PORTA NUOVA,23,1044,1,accesso interno,0,azienda ospedaliera fatebe,somministrazione,Assente,al banco,90.0,True,False,False,False,False,False,False,False,False,False,False,False,False,False,False,False,False,False,False,False,company,False
Non specificata,CORSO,DI PORTA VITTORIA,16,3016,1,accesso interno,200,Non specificato,somministrazione,Assente,al banco,25.0,True,False,False,False,False,False,False,False,False,False,False,False,False,False,False,False,False,False,False,False,other,False
Non specificata,CORSO,ITALIA,58,526,1,accesso interno,0,scuola militare teulie',somministrazione,Assente,al banco,36.0,True,False,False,False,False,False,False,False,False,False,False,False,False,False,False,False,False,False,False,False,school,False
Non specificata,CORSO,SEMPIONE,76,7137,8,accesso interno,45,Non specificato,somministrazione,Assente,al banco,183.0,True,False,False,False,False,False,False,False,False,False,False,False,False,False,False,False,False,False,False,False,other,False
Non specificata,CORSO,VENEZIA,16,238,1,accesso interno,187,bar circolo il nostro club,somministrazione,Assente,al banco,30.0,True,False,False,False,False,False,False,False,False,False,False,False,False,False,False,False,False,False,False,False,horeca,False
Non specificata,FORO,BUONAPARTE,74,711,1,accesso interno,240,Non specificato,somministrazione,Assente,al banco,15.0,True,False,False,False,False,False,False,False,False,False,False,False,False,False,False,False,False,False,False,False,other,False
bar/multisala excelsior,GALLERIA,DEL CORSO,4,305,1,accesso interno,360,Non specificato,somministrazione,Assente,al banco,24.0,True,False,False,False,False,False,False,False,False,False,False,False,False,False,False,False,False,False,False,False,horeca,False
int.piccolo teatro,LARGO,GRASSI PAOLO,2,7073,1,accesso interno,0,Non specificato,somministrazione,Assente,al banco,42.0,True,False,False,False,False,False,False,False,False,False,False,False,False,False,False,False,False,False,False,False,other,False
Non specificata,PIAZZALE,BRESCIA,20,6554,7,accesso interno,0,istituto auxologico italia,somministrazione,Assente,al banco,103.0,True,False,False,False,False,False,False,False,False,False,False,False,False,False,False,False,False,False,False,False,other,False
Non specificata,PIAZZA,DEGLI AFFARI,6,621,1,accesso interno,0,borsa italiana,somministrazione,Assente,al banco,70.0,True,False,False,False,False,False,False,False,False,False,False,False,False,False,False,False,False,False,False,False,other,False
bar caffe,PIAZZA,DEL TRICOLORE,4,3047,1,accesso interno,1,Non specificato,somministrazione,Assente,al banco,31.0,True,False,False,False,False,False,False,False,False,False,False,False,False,False,False,False,False,False,False,False,horeca,False
interno palestra,PIAZZA,DIAZ ARMANDO,6,339,1,accesso interno,448,bar ist. di design srl,somministrazione,Assente,al banco,80.0,True,False,False,False,False,False,False,False,False,False,False,False,False,False,False,False,False,False,False,False,company,False
Non specificata,PIAZZA,LUIGI DI SAVOIA,24,2260,2,accesso interno,21,Non specificato,somministrazione,Assente,al banco,78.0,True,False,False,False,False,False,False,False,False,False,False,False,False,False,False,False,False,False,False,False,other,False
comando aeronautica,PIAZZA,NOVELLI ERMETE,1,3110,3,accesso interno,153,Non specificato,somministrazione,Assente,al banco,200.0,True,False,False,False,False,False,False,False,False,False,False,False,False,False,False,False,False,False,False,False,other,False
Non specificata,PIAZZA,OVIDIO,000,3324,4,accesso interno,55,Non specificato,somministrazione,Assente,al banco,100.0,True,False,False,False,False,False,False,False,False,False,False,False,False,False,False,False,False,False,False,False,other,False
Non specificata,PIAZZA,PIEMONTE,12,6254,7,accesso interno,0,teatro nazionale,somministrazione,Assente,al banco,145.0,True,False,False,False,False,False,False,False,False,False,False,False,False,False,False,False,False,False,False,False,other,False
Non specificata,PIAZZA,QUATTRO NOVEMBRE,007,1199,2,accesso interno,0,uffici,somministrazione,Assente,al banco,81.0,True,False,False,False,False,False,False,False,False,False,False,False,False,False,False,False,False,False,False,False,company,False
Non specificata,PIAZZA,SAN MATERNO,15,2423,3,accesso interno,2,parrocchia,somministrazione,Assente,al banco,41.0,True,False,False,False,False,False,False,False,False,False,False,False,False,False,False,False,False,False,False,False,other,False
Non specificata,PIAZZA,SAN SEPOLCRO,9,567,1,accesso interno,429,Non specificato,somministrazione,Assente,al banco,80.0,True,False,False,False,False,False,False,False,False,False,False,False,False,False,False,False,False,False,False,False,other,False
questura garibaldi,PIAZZA,SANT' AMBROGIO,5,643,1,accesso interno,339,Non specificato,somministrazione,Assente,al banco,133.0,True,False,False,False,False,False,False,False,False,False,False,False,False,False,False,False,False,False,False,False,other,False
Non specificata,PIAZZA,SANT' EUSTORGIO,1,5186,1,accesso interno,126,parrocchia s. eustorgio,somministrazione,minuto,al banco,19.0,True,False,False,False,False,False,False,False,False,False,False,False,False,False,False,False,False,False,False,False,other,False
Non specificata,PIAZZA,SANTO STEFANO,12,354,1,accesso interno,321,Non specificato,somministrazione,Assente,al banco,220.0,True,False,False,False,False,False,False,False,False,False,False,False,False,False,False,False,False,False,False,False,other,False
Non specificata,PIAZZA,SANTO STEFANO,7,354,1,accesso interno,472,Non specificato,somministrazione,Assente,al banco,205.0,True,False,False,False,False,False,False,False,False,False,False,False,False,False,False,False,False,False,False,False,other,False
Non specificata,PIAZZA,SRAFFA ANGELO,11,4042,5,accesso interno,102,Non specificato,somministrazione,Assente,al banco,51.0,True,False,False,False,False,False,False,False,False,False,False,False,False,False,False,False,False,False,False,False,other,False
Non specificata,PIAZZA,VILLAPIZZONE,10,7273,8,accesso interno,171,parrocchia s. martino,somministrazione,Assente,al banco,110.0,True,False,False,False,False,False,False,False,False,False,False,False,False,False,False,False,False,False,False,False,other,False
Non specificata,VIA,ARSIA,3,7472,8,accesso interno,89,Non specificato,somministrazione,Assente,al banco,60.0,True,False,False,False,False,False,False,False,False,False,False,False,False,False,False,False,False,False,False,False,other,False
Non specificata,VIA,ARSIA,7,7472,8,accesso interno,89,Non specificato,somministrazione,Assente,al banco,30.0,True,False,False,False,False,False,False,False,False,False,False,False,False,False,False,False,False,False,False,False,other,False
Non specificata,VIA,BARRELLA GIOVANNI,4,7534,8,accesso interno,117,Non specificato,somministrazione,minuto,al banco,50.0,True,False,False,False,False,False,False,False,False,False,False,False,False,False,False,False,False,False,False,False,other,False
Non specificata,VIA,BECCARIA CESARE,19,307,1,accesso interno,0,comando vigili urbani,somministrazione,Assente,al banco,106.0,True,False,False,False,False,False,False,False,False,False,False,False,False,False,False,False,False,False,False,False,other,False
Non specificata,VIA,BENACO,1,4143,4,accesso interno,0,Non specificato,somministrazione,Assente,al banco,75.0,True,False,False,False,False,False,False,False,False,False,False,False,False,False,False,False,False,False,False,False,other,False
Non specificata,VIA,BENADIR,14,2380,2,accesso interno,286,Non specificato,somministrazione,Assente,al banco,109.0,True,False,False,False,False,False,False,False,False,False,False,False,False,False,False,False,False,False,False,False,other,False
Non specificata,VIA,BEZZECCA,12,3075,4,accesso interno,50,Non specificato,somministrazione,Assente,al banco,115.0,True,False,False,False,False,False,False,False,False,False,False,False,False,False,False,False,False,False,False,False,other,False
Non specificata,VIA,BITONTO,3,1366,9,accesso interno,165,circolo arci,somministrazione,Assente,al banco,64.0,True,False,False,False,False,False,False,False,False,False,False,False,False,False,False,False,False,False,False,False,other,False
Non specificata,VIA,BOFFALORA,110,5359,6,accesso interno,91,parrocchia,somministrazione,Assente,al banco,82.0,True,False,False,False,False,False,False,False,False,False,False,False,False,False,False,False,False,False,False,False,other,False
Non specificata,VIA,BOIFAVA PIETRO,006,5341,5,accesso interno,0,Non specificato,somministrazione,Assente,al banco,177.0,True,False,False,False,False,False,False,False,False,False,False,False,False,False,False,False,False,False,False,False,other,False
Non specificata,VIA,BONVESIN DE LA RIVA,2,3087,4,accesso interno,38,Non specificato,somministrazione,Assente,misto,176.0,True,False,False,False,False,False,False,False,False,False,False,False,False,False,False,False,False,False,False,False,other,False
Non specificata,VIA,BOTTA CARLO,10,4069,4,accesso interno,0,Non specificato,somministrazione,Assente,al banco,130.0,True,False,False,False,False,False,False,False,False,False,False,False,False,False,False,False,False,False,False,False,other,False
Non specificata,VIA,BREDA ERNESTO,158,2342,2,accesso interno,26,Non specificato,somministrazione,Assente,al banco,62.0,True,False,False,False,False,False,False,False,False,False,False,False,False,False,False,False,False,False,False,False,other,False
Non specificata,VIA,BRONI,10,4261,5,accesso interno,0,Non specificato,somministrazione,Assente,al banco,152.0,True,False,False,False,False,False,False,False,False,False,False,False,False,False,False,False,False,False,False,False,other,False
Non specificata,VIA,BRONZINO,21,2191,3,accesso interno,0,Non specificato,somministrazione,Assente,al banco,100.0,True,False,False,False,False,False,False,False,False,False,False,False,False,False,False,False,False,False,False,False,other,False
Non specificata,VIA,BUSSOLA DIONIGI,9,5405,6,accesso esterno,9,club savana,somministrazione,Assente,al banco,135.0,True,False,False,False,False,False,False,False,False,False,False,False,False,False,False,False,False,False,False,False,other,False
Non specificata,VIA,CARLI GIAN RINALDO,26,1563,9,accesso interno,48,Non specificato,somministrazione,Assente,al banco,160.0,True,False,False,False,False,False,False,False,False,False,False,False,False,False,False,False,False,False,False,False,other,False
Non specificata,VIA,CAROLI LUIGI,12,2597,2,accesso esterno,166,circolo giovanile,somministrazione,minuto,al banco,120.0,True,False,False,False,False,False,False,False,False,False,False,False,False,False,False,False,False,False,False,False,other,False
Non specificata,VIA,CASTELFIDARDO,7,1043,1,accesso interno,8,coop. cons.i due gabbiani,somministrazione,Assente,al tavolo,89.0,True,False,False,False,False,False,False,False,False,False,False,False,False,False,False,False,False,False,False,False,other,False
Non specificata,VIA,CAVRIANA,45,3317,4,accesso interno,7,Non specificato,somministrazione,Assente,al banco,50.0,True,False,False,False,False,False,False,False,False,False,False,False,False,False,False,False,False,False,False,False,other,False
Non specificata,VIA,CAZZANIGA CARLO,26,2594,3,accesso interno,11,campo sportivo enotria,somministrazione,Assente,al banco,16.0,True,False,False,False,False,False,False,False,False,False,False,False,False,False,False,False,False,False,False,False,other,False
Non specificata,VIA,CEZANNE PAOLO,5,5310,6,accesso interno,66,Non specificato,somministrazione,Assente,al tavolo,90.0,True,False,False,False,False,False,False,False,False,False,False,False,False,False,False,False,False,False,False,False,other,False
Non specificata,VIA,CONCILIO VATICANO II,1,7356,8,accesso interno,125,circolo pensionati,somministrazione,Assente,al banco,101.0,True,False,False,False,False,False,False,False,False,False,False,False,False,False,False,False,False,False,False,False,other,False
Non specificata,VIA,CONSOLE FLAMINIO,2,2666,3,accesso interno,0,Non specificato,somministrazione,Assente,al banco,35.0,True,False,False,False,False,False,False,False,False,False,False,False,False,False,False,False,False,False,False,False,other,False
Non specificata,VIA,CONTE ROSSO,5,2667,3,accesso esterno,116,circolo acli,somministrazione,minuto,misto,70.0,True,False,False,False,False,False,False,False,False,False,False,False,False,False,False,False,False,False,False,False,other,False
Non specificata,VIA,CORELLI ARCANGELO,62,3243,3,accesso interno,0,Non specificato,somministrazione,Assente,al banco,353.0,True,False,False,False,False,False,False,False,False,False,False,False,False,False,False,False,False,False,False,False,other,False
Non specificata,VIA,CORSICO,6,5157,6,accesso interno,51,parrocchia s. maria al nav,somministrazione,Assente,al banco,128.0,True,False,False,False,False,False,False,False,False,False,False,False,False,False,False,False,False,False,False,False,other,False
Non specificata,VIA,DE AMICIS EDMONDO,28,574,1,accesso interno,278,circolo s. ambroeus,somministrazione,Assente,al banco,183.0,True,False,False,False,False,False,False,False,False,False,False,False,False,False,False,False,False,False,False,False,other,False
Non specificata,VIA,DEGLI ARCIMBOLDI,008,522,1,accesso interno,0,univ.degli studi di milano,somministrazione,Assente,al banco,185.0,True,False,False,False,False,False,False,False,False,False,False,False,False,False,False,False,False,False,False,False,other,False
Non specificata,VIA,DEI CHIOSTRI,8,1024,1,accesso interno,172,oratorio s. luigi,minuto,somministrazione,al banco,33.0,True,False,False,False,False,False,False,False,False,False,False,False,False,False,False,False,False,False,False,False,other,False
Non specificata,VIA,DELLE ERBE,2,713,1,accesso interno,296,Non specificato,somministrazione,Assente,al banco,59.0,True,False,False,False,False,False,False,False,False,False,False,False,False,False,False,False,False,False,False,False,other,False
Non specificata,VIA,DE VINCENTI ANGELO,11,6134,7,accesso interno,0,istituto statale ettore co,somministrazione,Assente,al banco,76.0,True,False,False,False,False,False,False,False,False,False,False,False,False,False,False,False,False,False,False,False,other,False
Non specificata,VIA,DONATI MARIO,5,6821,6,accesso interno,0,liceo scientifico statale,somministrazione,Assente,al banco,37.0,True,False,False,False,False,False,False,False,False,False,False,False,False,False,False,False,False,False,False,False,school,False
Non specificata,VIA,DON BOSCO,10,4144,4,accesso interno,19,Non specificato,somministrazione,minuto,al banco,100.0,True,False,False,False,False,False,False,False,False,False,False,False,False,False,False,False,False,False,False,False,other,False
Non specificata,VIA,DON BOSCO,8,4144,4,accesso interno,21,parrocchia san luigi,somministrazione,Assente,al banco,57.0,True,False,False,False,False,False,False,False,False,False,False,False,False,False,False,False,False,False,False,False,other,False
Non specificata,VIA,FANTOLI GAUDENZIO,9,3355,4,accesso interno,83,Non specificato,somministrazione,Assente,al banco,61.0,True,False,False,False,False,False,False,False,False,False,False,False,False,False,False,False,False,False,False,False,other,False
Non specificata,VIA,FATEBENEFRATELLI,11,144,1,accesso interno,181,Non specificato,somministrazione,Assente,al banco,110.0,True,False,False,False,False,False,False,False,False,False,False,False,False,False,False,False,False,False,False,False,other,False
Non specificata,VIA,FILODRAMMATICI,5,113,1,accesso interno,379,Non specificato,somministrazione,Assente,al banco,128.0,True,False,False,False,False,False,False,False,False,False,False,False,False,False,False,False,False,False,False,False,other,False
Non specificata,VIA,FLEMING ALESSANDRO,13,6499,7,accesso interno,65,Non specificato,somministrazione,Assente,al banco,12.0,True,False,False,False,False,False,False,False,False,False,False,False,False,False,False,False,False,False,False,False,other,False
Non specificata,VIA,FONTANA,6,3058,1,accesso interno,34,Non specificato,somministrazione,Assente,al banco,90.0,True,False,False,False,False,False,False,False,False,False,False,False,False,False,False,False,False,False,False,False,other,False
Non specificata,VIA,FREIKOFEL,25,4367,4,accesso interno,79,Non specificato,somministrazione,Assente,al banco,54.0,True,False,False,False,False,False,False,False,False,False,False,False,False,False,False,False,False,False,False,False,other,False
Non specificata,VIA,GALENO CLAUDIO,32,2447,2,accesso interno,11,parrocchia villa s. giovan,somministrazione,Assente,al banco,130.0,True,False,False,False,False,False,False,False,False,False,False,False,False,False,False,False,False,False,False,False,other,False
Non specificata,VIA,GAREGNANO,28,7413,8,accesso interno,147,Non specificato,somministrazione,Assente,al banco,48.0,True,False,False,False,False,False,False,False,False,False,False,False,False,False,False,False,False,False,False,False,other,False
Non specificata,VIA,GIOIA MELCHIORRE,80,1108,2,accesso interno,0,Non specificato,somministrazione,Assente,al banco,86.0,True,False,False,False,False,False,False,False,False,False,False,False,False,False,False,False,False,False,False,False,other,False
ospedale,VIA,GRASSI GIOVANNI BATTISTA,74,7465,8,accesso interno,0,universita' degli studi di,somministrazione,Assente,al banco,147.0,True,False,False,False,False,False,False,False,False,False,False,False,False,False,False,False,False,False,False,False,hospital,False
Non specificata,VIA,GULLI TOMMASO,62,6634,7,accesso interno,190,Non specificato,somministrazione,Assente,al banco,50.0,True,False,False,False,False,False,False,False,False,False,False,False,False,False,False,False,False,False,False,False,other,False
Non specificata,VIA,HAJECH CAMILLO,27,3091,4,accesso interno,0,liceo artistico statale di,somministrazione,Assente,al banco,130.0,True,False,False,False,False,False,False,False,False,False,False,False,False,False,False,False,False,False,False,False,school,False
Non specificata,VIA,IPPODROMO,134,6492,7,accesso interno,0,centro di allenamento galo,somministrazione,Assente,al banco,34.0,True,False,False,False,False,False,False,False,False,False,False,False,False,False,False,False,False,False,False,False,other,False
Non specificata,VIA,JACOPINO DA TRADATE,1,7292,8,accesso interno,280,Non specificato,somministrazione,Assente,al banco,85.0,True,False,False,False,False,False,False,False,False,False,False,False,False,False,False,False,False,False,False,False,other,False
Non specificata,VIA,KRAMER ANTONIO,22,3180,3,accesso interno,155,Non specificato,somministrazione,Assente,al banco,37.0,True,False,False,False,False,False,False,False,False,False,False,False,False,False,False,False,False,False,False,False,other,False
c/o politecnico,VIA,LAMBRUSCHINI RAFFAELE,4,7271,9,accesso interno,0,politecnico di milano,somministrazione,Assente,al banco,109.0,True,False,False,False,False,False,False,False,False,False,False,False,False,False,False,False,False,False,False,False,school,False
Non specificata,VIA,LARGA,14,318,1,accesso interno,392,Non specificato,somministrazione,Assente,al banco,50.0,True,False,False,False,False,False,False,False,False,False,False,False,False,False,False,False,False,False,False,False,other,False
Non specificata,VIA,LESSONA MICHELE,21,7490,8,accesso interno,0,Non specificato,somministrazione,Assente,al banco,50.0,True,False,False,False,False,False,False,False,False,False,False,False,False,False,False,False,False,False,False,False,other,False
Non specificata,VIA,LESSONA MICHELE,70,7490,8,accesso interno,33,circolo dino penazzato,somministrazione,Assente,al banco,140.0,True,False,False,False,False,False,False,False,False,False,False,False,False,False,False,False,False,False,False,False,other,False
Non specificata,VIA,LODOVICO IL MORO,49,5290,6,accesso interno,16,cral pozzi ginori,somministrazione,minuto,al banco,72.0,True,False,False,False,False,False,False,False,False,False,False,False,False,False,False,False,False,False,False,False,other,False
Non specificata,VIA,LOMAZZO PAOLO,10,7079,8,accesso interno,0,Non specificato,somministrazione,Assente,al banco,339.0,True,False,False,False,False,False,False,False,False,False,False,False,False,False,False,False,False,False,False,False,other,False
Non specificata,VIA,LOMAZZO PAOLO,55,7079,8,accesso interno,54,Non specificato,somministrazione,Assente,al banco,60.0,True,False,False,False,False,False,False,False,False,False,False,False,False,False,False,False,False,False,False,False,other,False
Non specificata,VIA,LOMBARDINI ELIA,12,5146,6,accesso esterno,63,circolo biblioteca tocchi,somministrazione,Assente,al banco,23.0,True,False,False,False,False,False,False,False,False,False,False,False,False,False,False,False,False,False,False,False,other,False
bar caffetteria tav.fredd,VIA,LOMBROSO CESARE,54,3334,4,accesso interno,0,Non specificato,somministrazione,Assente,al banco,61.0,True,False,False,False,False,False,False,False,False,False,False,False,False,False,False,False,False,False,False,False,horeca,False
Non specificata,VIA,MAFFEI ANDREA,4,3191,4,accesso interno,69,centro karate,somministrazione,Assente,al banco,231.0,True,False,False,False,False,False,False,False,False,False,False,False,False,False,False,False,False,False,False,False,other,False
Non specificata,VIA,MANUZIO ALDO,11,2114,2,accesso interno,125,Non specificato,somministrazione,Assente,al banco,65.0,True,False,False,False,False,False,False,False,False,False,False,False,False,False,False,False,False,False,False,False,other,False
Non specificata,VIA,MAZZUCCHELLI SAMUELE,11,1640,9,accesso interno,42,a.n.c.r. sez. bruzzano,somministrazione,Assente,al banco,89.0,True,False,False,False,False,False,False,False,False,False,False,False,False,False,False,False,False,False,False,False,other,False
Non specificata,VIA,MECENATE,75,3323,4,accesso esterno,82,Non specificato,somministrazione,Assente,al banco,84.0,True,False,False,False,False,False,False,False,False,False,False,False,False,False,False,False,False,False,False,False,other,False
Non specificata,VIA,MERULA GIORGIO,2,5363,6,accesso interno,0,Non specificato,somministrazione,Assente,al banco,70.0,True,False,False,False,False,False,False,False,False,False,False,False,False,False,False,False,False,False,False,False,other,False
Non specificata,VIA,MOMPIANI GIACINTO,5,4285,4,accesso interno,0,centro socio ricreativo cu,somministrazione,Assente,al banco,45.0,True,False,False,False,False,False,False,False,False,False,False,False,False,False,False,False,False,False,False,False,other,False
Non specificata,VIA,MONCALIERI,5,1095,9,accesso interno,0,Non specificato,somministrazione,Assente,al banco,250.0,True,False,False,False,False,False,False,False,False,False,False,False,False,False,False,False,False,False,False,False,other,False
Non specificata,VIA,MONETA,001,570,1,accesso interno,432,Non specificato,somministrazione,Assente,al banco,20.0,True,False,False,False,False,False,False,False,False,False,False,False,False,False,False,False,False,False,False,False,other,False
Non specificata,VIA,MONTE OLIVETO,8,3345,4,accesso interno,124,Non specificato,somministrazione,Assente,al banco,84.0,True,False,False,False,False,False,False,False,False,False,False,False,False,False,False,False,False,False,False,False,other,False
bar caffe,VIA,MONTI VINCENZO,36,6155,1,accesso interno,234,associazione nazionale alp,somministrazione,Assente,al banco,73.0,True,False,False,False,False,False,False,False,False,False,False,False,False,False,False,False,False,False,False,False,horeca,False
c/o comando rfc lombardia,VIA,MONTI VINCENZO,59,6155,1,accesso interno,155,comando rfc regione lombar,somministrazione,Assente,al banco,117.0,True,False,False,False,False,False,False,False,False,False,False,False,False,False,False,False,False,False,False,False,public_office,False
Non specificata,VIA,OSOPPO,2,6596,7,accesso interno,293,parrocchia san protaso,somministrazione,Assente,al banco,104.0,True,False,False,False,False,False,False,False,False,False,False,False,False,False,False,False,False,False,False,False,other,False
centro cardiolog.monzino,VIA,PAREA CARLO,4,3344,4,accesso interno,123,centro cardiologico monzin,somministrazione,Assente,self service,115.0,True,False,False,False,False,False,False,False,False,False,False,False,False,False,False,False,False,False,False,False,other,False
residenza per anziani,VIA,PARENZO,9,5367,6,accesso interno,0,residenza santa marta,somministrazione,Assente,al banco,90.0,True,False,False,False,False,False,False,False,False,False,False,False,False,False,False,False,False,False,False,False,other,False
Non specificata,VIA,PELLIZZONE ANDREA,12,3314,3,accesso interno,189,Non specificato,somministrazione,Assente,misto,22.0,True,False,False,False,False,False,False,False,False,False,False,False,False,False,False,False,False,False,False,False,other,False
Non specificata,VIA,PITTERI RICCARDO,58,2674,3,accesso interno,0,Non specificato,somministrazione,Assente,al banco,49.0,True,False,False,False,False,False,False,False,False,False,False,False,False,False,False,False,False,False,False,False,other,False
Non specificata,VIA,PIZZI GIAN FRANCESCO,29,4270,5,accesso interno,107,Non specificato,somministrazione,Assente,al banco,196.0,True,False,False,False,False,False,False,False,False,False,False,False,False,False,False,False,False,False,False,False,other,False
Non specificata,VIA,POMA CARLO,8,3090,4,accesso interno,21,Non specificato,somministrazione,minuto,al banco,30.0,True,False,False,False,False,False,False,False,False,False,False,False,False,False,False,False,False,False,False,False,other,False
Non specificata,VIA,PONTE DEL GIUSCANO,41,6735,7,accesso esterno,32,Non specificato,somministrazione,Assente,al banco,66.0,True,False,False,False,False,False,False,False,False,False,False,False,False,False,False,False,False,False,False,False,other,False
Non specificata,VIA,RIPAMONTI GIUSEPPE,102,4066,5,accesso interno,1,Non specificato,somministrazione,Assente,al banco,16.0,True,False,False,False,False,False,False,False,False,False,False,False,False,False,False,False,False,False,False,False,other,False
Non specificata,VIA,RIPAMONTI GIUSEPPE,9,4066,5,accesso interno,171,Non specificato,somministrazione,Assente,al banco,47.0,True,False,False,False,False,False,False,False,False,False,False,False,False,False,False,False,False,False,False,False,other,False
Non specificata,VIA,ROGOREDO,119,4373,4,accesso interno,157,circolo donatori di sangue,somministrazione,Assente,al banco,25.0,True,False,False,False,False,False,False,False,False,False,False,False,False,False,False,False,False,False,False,False,other,False
Non specificata,VIA,ROMBON,34,2659,3,accesso interno,0,Non specificato,somministrazione,Assente,al banco,74.0,True,False,False,False,False,False,False,False,False,False,False,False,False,False,False,False,False,False,False,False,other,False
Non specificata,VIA,ROSSI PELLEGRINO,21,1510,9,accesso interno,182,Non specificato,somministrazione,Assente,al banco,73.0,True,False,False,False,False,False,False,False,False,False,False,False,False,False,False,False,False,False,False,False,other,False
Non specificata,VIA,SAN CALIMERO,15,4014,1,accesso interno,205,Non specificato,somministrazione,Assente,al banco,30.0,True,False,False,False,False,False,False,False,False,False,False,False,False,False,False,False,False,False,False,False,other,False
Non specificata,VIA,SAN GREGORIO,3,2123,3,accesso interno,105,Non specificato,somministrazione,Assente,al banco,6.0,True,False,False,False,False,False,False,False,False,False,False,False,False,False,False,False,False,False,False,False,other,False
Non specificata,VIA,SAN PAOLINO,4,5425,6,accesso interno,101,Non specificato,somministrazione,Assente,al banco,40.0,True,False,False,False,False,False,False,False,False,False,False,False,False,False,False,False,False,False,False,False,other,False
Non specificata,VIA,SAN PIETRO ALL'ORTO,9,213,1,accesso interno,361,Non specificato,somministrazione,Assente,al banco,30.0,True,False,False,False,False,False,False,False,False,False,False,False,False,False,False,False,False,False,False,False,other,False
Non specificata,VIA,SAN RAFFAELE,1,207,1,accesso esterno,416,Non specificato,somministrazione,Assente,al banco,80.0,True,False,False,False,False,False,False,False,False,False,False,False,False,False,False,False,False,False,False,False,other,False
Non specificata,VIA,SANTA RADEGONDA,8,208,1,accesso interno,0,cinema odeon,somministrazione,Assente,al banco,38.0,True,False,False,False,False,False,False,False,False,False,False,False,False,False,False,False,False,False,False,False,other,False
Non specificata,VIA,SANTA RITA DA CASCIA,22,5301,6,accesso esterno,41,parrocchia,somministrazione,minuto,al banco,341.0,True,False,False,False,False,False,False,False,False,False,False,False,False,False,False,False,False,False,False,False,other,False
Non specificata,VIA,SANT' ERLEMBALDO,4,2356,2,accesso interno,0,centro socio ricre. cultur,somministrazione,Assente,al banco,83.0,True,False,False,False,False,False,False,False,False,False,False,False,False,False,False,False,False,False,False,False,other,False
Non specificata,VIA,SANT' UGUZZONE,8,2448,2,accesso interno,0,Non specificato,somministrazione,Assente,al banco,45.0,True,False,False,False,False,False,False,False,False,False,False,False,False,False,False,False,False,False,False,False,other,False
Non specificata,VIA,SAVONA,15,5122,6,accesso interno,0,Non specificato,somministrazione,Assente,al banco,31.0,True,False,False,False,False,False,False,False,False,False,False,False,False,False,False,False,False,False,False,False,other,False
Non specificata,VIA,SCHIAPARELLI GIOVANNI,8,1211,2,accesso interno,198,Non specificato,somministrazione,Assente,self service,54.0,True,False,False,False,False,False,False,False,False,False,False,False,False,False,False,False,False,False,False,False,other,False
Non specificata,VIA,SELLA QUINTINO,2,724,1,accesso interno,241,centro cult. solferino cen,somministrazione,Assente,misto,84.0,True,False,False,False,False,False,False,False,False,False,False,False,False,False,False,False,False,False,False,False,other,False
Non specificata,VIA,SOLONE,9,2346,2,accesso interno,69,Non specificato,somministrazione,Assente,al banco,140.0,True,False,False,False,False,False,False,False,False,False,False,False,False,False,False,False,False,False,False,False,other,False
Non specificata,VIA,SPERONARI,4,517,1,accesso interno,447,Non specificato,somministrazione,Assente,al banco,12.0,True,False,False,False,False,False,False,False,False,False,False,False,False,False,False,False,False,False,False,False,other,False
Non specificata,VIA,TADINO ALESSANDRO,27,2109,3,accesso interno,77,Non specificato,somministrazione,Assente,al banco,30.0,True,False,False,False,False,False,False,False,False,False,False,False,False,False,False,False,False,False,False,False,other,False
Non specificata,VIA,TORINO,64,543,1,accesso interno,0,Non specificato,somministrazione,Assente,al banco,223.0,True,False,False,False,False,False,False,False,False,False,False,False,False,False,False,False,False,False,False,False,other,False
Non specificata,VIA,TORRAZZA,080,7360,8,accesso interno,5,mensa casa del giovane,somministrazione,Assente,al banco,217.0,True,False,False,False,False,False,False,False,False,False,False,False,False,False,False,False,False,False,False,False,other,False
Non specificata,VIA,TORRIANI NAPO,12,2126,2,accesso interno,0,associazione street one,somministrazione,Assente,al banco,207.0,True,False,False,False,False,False,False,False,False,False,False,False,False,False,False,False,False,False,False,False,other,False
Non specificata,VIA,TORRIANI NAPO,29,2126,2,accesso interno,52,Non specificato,somministrazione,Assente,al banco,40.0,True,False,False,False,False,False,False,False,False,False,False,False,False,False,False,False,False,False,False,False,other,False
Non specificata,VIA,TORTONA,37,5124,6,accesso interno,0,young & rubicam,somministrazione,Assente,al banco,231.0,True,False,False,False,False,False,False,False,False,False,False,False,False,False,False,False,False,False,False,False,other,False
Non specificata,VIA,VALTELLINA,3,1188,9,accesso interno,106,Non specificato,somministrazione,minuto,al banco,30.0,True,False,False,False,False,False,False,False,False,False,False,False,False,False,False,False,False,False,False,False,other,False
Non specificata,VIA,VERGA ANDREA,9,6200,7,accesso interno,0,i.s.u. università cattolic,somministrazione,Assente,al banco,84.0,True,False,False,False,False,False,False,False,False,False,False,False,False,False,False,False,False,False,False,False,school,False
Non specificata,VIA,VERGA ANDREA,001,6200,7,accesso interno,0,Non specificato,somministrazione,Assente,al banco,56.0,True,False,False,False,False,False,False,False,False,False,False,False,False,False,False,False,False,False,False,False,other,False
Non specificata,VIA,VIVAIO,22,3041,1,accesso interno,24,Non specificato,somministrazione,Assente,al banco,25.0,True,False,False,False,False,False,False,False,False,False,False,False,False,False,False,False,False,False,False,False,other,False
Non specificata,VIA,VOLTA ALESSANDRO,23,1018,1,accesso esterno,1,a.n.c.r. sez. volta-garib.,somministrazione,Assente,al banco,68.0,True,False,False,False,False,False,False,False,False,False,False,False,False,False,False,False,False,False,False,False,other,False
Non specificata,VIA,WATT GIACOMO,37,5292,6,accesso interno,0,Non specificato,somministrazione,Assente,al banco,83.0,True,False,False,False,False,False,False,False,False,False,False,False,False,False,False,False,False,False,False,False,other,False
ippodromo galoppo s.siro,VIALE,CAPRILLI FEDERICO,30,6532,7,accesso interno,175,bar cral trenno,somministrazione,Assente,al banco,79.0,True,False,False,False,False,False,False,False,False,False,False,False,False,False,False,False,False,False,False,False,horeca,False
Non specificata,VIALE,DEI PIOPPI,42,7310,8,accesso interno,269,Non specificato,somministrazione,minuto,al banco,30.0,True,False,False,False,False,False,False,False,False,False,False,False,False,False,False,False,False,False,False,False,other,False
Non specificata,VIALE,ISONZO,11,4211,5,accesso interno,202,Non specificato,somministrazione,Assente,al banco,20.0,True,False,False,False,False,False,False,False,False,False,False,False,False,False,False,False,False,False,False,False,other,False
Non specificata,VIALE,MONZA,24,2274,2,accesso interno,0,Non specificato,somministrazione,Assente,al banco,22.0,True,False,False,False,False,False,False,False,False,False,False,False,False,False,False,False,False,False,False,False,other,False
Non specificata,VIALE,MONZA,347,2274,2,accesso interno,13,Non specificato,somministrazione,Assente,self service,85.0,True,False,False,False,False,False,False,False,False,False,False,False,False,False,False,False,False,False,False,False,other,False
Non specificata,VIALE,PAPINIANO,59,5097,1,accesso interno,59,Non specificato,somministrazione,Assente,al banco,30.0,True,False,False,False,False,False,False,False,False,False,False,False,False,False,False,False,False,False,False,False,other,False
Non specificata,VIALE,REGINA MARGHERITA,9,3059,1,accesso interno,0,ostello della gioventu',somministrazione,Assente,al banco,322.0,True,False,False,False,False,False,False,False,False,False,False,False,False,False,False,False,False,False,False,False,other,False
azienda,VIA,DAIMLER GOTTLIEB WILHELM,1,7587,8,accesso interno,0,mercedes-benz center ang.,somministrazione,Assente,al banco,272.0,True,False,False,False,False,False,False,False,False,False,False,False,False,False,False,False,False,False,False,False,company,False
bar c/0 freelife club,VIA,LODOVICO IL MORO,135,5290,6,accesso interno,37,Non specificato,somministrazione,Assente,al banco,106.0,True,False,False,False,False,False,False,False,False,False,False,False,False,False,False,False,False,False,False,False,horeca,False
bar caffe,VIA,BRIOSCHI FRANCESCO,38,5243,5,accesso esterno,163,parrocchia,somministrazione,Assente,al banco,65.0,True,False,False,False,False,False,False,False,False,False,False,False,False,False,False,False,False,False,False,False,horeca,False
bar caffe,VIA,RIPAMONTI GIUSEPPE,139,4066,5,accesso esterno,105,Non specificato,somministrazione,Assente,al banco,70.0,True,False,False,False,False,False,False,False,False,False,False,False,False,False,False,False,False,False,False,False,horeca,False
bar/club assoc.olinda,VIA,IPPOCRATE,45,1543,9,accesso interno,76,Non specificato,somministrazione,Assente,al banco,93.0,True,False,False,False,False,False,False,False,False,False,False,False,False,False,False,False,False,False,False,False,horeca,False
bar c/o istit.virgilio,PIAZZA,ASCOLI GRAZIADIO ISAIA,2,3176,3,accesso interno,153,i.m. virgilio,somministrazione,Assente,al banco,13.0,True,False,False,False,False,False,False,False,False,False,False,False,False,False,False,False,False,False,False,False,horeca,False
bar c/o parroc.s.benedett,VIA,STROZZI PIERO,001,6617,6,accesso interno,0,parrocchia,somministrazione,Assente,al banco,68.0,True,False,False,False,False,False,False,False,False,False,False,False,False,False,False,False,False,False,False,False,horeca,False
bar c/o u.s.p.b.comasina,VIA,SALEMI,19,1542,9,accesso interno,23,Non specificato,somministrazione,Assente,al banco,57.0,True,False,False,False,False,False,False,False,False,False,False,False,False,False,False,False,False,False,False,False,horeca,False
bar eds electronic data s,VIALE,MONZA,257,2274,2,accesso interno,97,eds electronic data system,somministrazione,Assente,al banco,52.0,True,False,False,False,False,False,False,False,False,False,False,False,False,False,False,False,False,False,False,False,horeca,False
bar int. arci club,VIA,DERNA,15,2376,2,accesso interno,263,Non specificato,somministrazione,Assente,al banco,28.0,True,False,False,False,False,False,False,False,False,False,False,False,False,False,False,False,False,False,False,False,horeca,False
bar int.circolo culturale,VIA,VAL CAMONICA,16,2305,2,accesso interno,113,circolo priv. culturale e,somministrazione,Assente,al banco,26.0,True,False,False,False,False,False,False,False,False,False,False,False,False,False,False,False,False,False,False,False,horeca,False
bar int.liceo carducci,VIA,BEROLDO,9,2267,2,accesso interno,356,l.c. carducci,somministrazione,Assente,al banco,105.0,True,False,False,False,False,False,False,False,False,False,False,False,False,False,False,False,False,False,False,False,school,False
bar int.univ.cattolica,VIA,PAGLIANO ELEUTERIO,10,6390,7,accesso interno,220,univ.cattolica sacro cuore,somministrazione,Assente,al banco,125.0,True,False,False,False,False,False,False,False,False,False,False,False,False,False,False,False,False,False,False,False,horeca,False
bar int.univers.bocconi,PIAZZA,SRAFFA ANGELO,13,4042,5,accesso interno,102,scuola università bocconi,somministrazione,Assente,self service,323.0,True,False,False,False,False,False,False,False,False,False,False,False,False,False,False,False,False,False,False,False,school,False
bar/liceo scien.donatelli,VIALE,CAMPANIA,6,3100,4,accesso interno,253,l.s. donatelli,somministrazione,Assente,al banco,58.0,True,False,False,False,False,False,False,False,False,False,False,False,False,False,False,False,False,False,False,False,school,False
casa di cura columbus,VIA,BUONARROTI MICHELANGELO,48,6253,8,accesso interno,164,casa di cura columbus,somministrazione,Assente,al banco,64.0,True,False,False,False,False,False,False,False,False,False,False,False,False,False,False,False,False,False,False,False,hospital,False
centro ospedaliero milita,VIA,SAINT BON SIMONE,7,6670,7,accesso interno,187,centro ospedaliero di mila,somministrazione,Assente,al banco,83.0,True,False,False,False,False,False,False,False,False,False,False,False,False,False,False,False,False,False,False,False,other,False
circolo culturale mancini,VIA,BASSO LELIO,9,5453,5,accesso esterno,112,circolo arci mancini,somministrazione,Assente,misto,18.0,True,False,False,False,False,False,False,False,False,False,False,False,False,False,False,False,False,False,False,False,other,False
city bank,VIALE,BRENTA,027,4151,4,accesso interno,0,citibank milano,somministrazione,Assente,al banco,158.0,True,False,False,False,False,False,False,False,False,False,False,False,False,False,False,False,False,False,False,False,other,False
club prive  cafeole,VIA,DELLA CHIESA ROSSA,69,5321,5,accesso esterno,52,Non specificato,somministrazione,Assente,misto,48.0,True,False,False,False,False,False,False,False,False,False,False,False,False,False,False,False,False,False,False,False,other,False
c/o caserma s. barnaba,PIAZZALE,PERRUCCHETTI GIUSEPPE,1,6632,7,accesso interno,104,caserma s.barnaba 1°regg.,somministrazione,Assente,al banco,65.0,True,False,False,False,False,False,False,False,False,False,False,False,False,False,False,False,False,False,False,False,horeca,False
c/o empam regione lombard,VIA,TARAMELLI TORQUATO,4,1164,2,accesso interno,230,re,somministrazione,Assente,self service,197.0,True,False,False,False,False,False,False,False,False,False,False,False,False,False,False,False,False,False,False,False,public_office,False
c/o ist.istr.sup.maxwell,VIA,CALABRIA DON GIOVANNI,2,2524,3,accesso interno,37,i.t.i. maxwell,somministrazione,Assente,al banco,38.0,True,False,False,False,False,False,False,False,False,False,False,False,False,False,False,False,False,False,False,False,other,False
c/o i.t.c.s. moreschi,VIALE,SAN MICHELE DEL CARSO,25,6212,1,accesso interno,261,i.t.c. moreschi,somministrazione,Assente,al banco,30.0,True,False,False,False,False,False,False,False,False,False,False,False,False,False,False,False,False,False,False,False,other,False
c/o ospedale policlinico,VIA,SFORZA FRANCESCO,35,330,1,accesso interno,115,ospedale policlinico,somministrazione,Assente,al banco,90.0,True,False,False,False,False,False,False,False,False,False,False,False,False,False,False,False,False,False,False,False,hospital,False
c/o provincia di milano,VIA,VIVAIO,1,3041,1,accesso interno,98,provincia di milano,somministrazione,Assente,al banco,148.0,True,False,False,False,False,False,False,False,False,False,False,False,False,False,False,False,False,False,False,False,other,False
c/o rsa san giorgio,VIA,QUADRIO MAURIZIO,14,1115,9,accesso interno,0,residenza san giorgio,somministrazione,Assente,al banco,45.0,True,False,False,False,False,False,False,False,False,False,False,False,False,False,False,False,False,False,False,False,other,False
c/o r.s.a. santa lucia,VIA,VEPRA,2,6114,7,accesso interno,0,residenza santa lucia,somministrazione,Assente,al banco,73.0,True,False,False,False,False,False,False,False,False,False,False,False,False,False,False,False,False,False,False,False,other,False
interno borsari club,CORSO,DI PORTA ROMANA,106,402,1,area aperta recintata,118,Non specificato,somministrazione,Assente,al banco,120.0,True,False,False,False,False,False,False,False,False,False,False,False,False,False,False,False,False,False,False,False,other,False
c/o i.t.c.s. custodi,VIA,DINI ULISSE,7,5436,5,accesso interno,57,i.t.i. torricelli,somministrazione,Assente,al banco,21.0,True,False,False,False,False,False,False,False,False,False,False,False,False,False,False,False,False,False,False,False,other,False
int.ospedale maggiore,VIA,SFORZA FRANCESCO,28,330,1,accesso interno,269,ospedale maggiore di milan,somministrazione,Assente,al banco,28.0,True,False,False,False,False,False,False,False,False,False,False,False,False,False,False,False,False,False,False,False,hospital,False
int. radio e reti srl.,VIA,GIOIA MELCHIORRE,45,1108,2,accesso interno,0,radio e reti srl,somministrazione,Assente,al banco,111.0,True,False,False,False,False,False,False,False,False,False,False,False,False,False,False,False,False,False,False,False,company,False
ist. ortoped. g. pini,PIAZZA,FERRARI ANDREA CARDINALE,1,4012,1,accesso interno,205,ospedale ortopedico gaetan,somministrazione,Assente,al banco,48.0,True,False,False,False,False,False,False,False,False,False,False,False,False,False,False,False,False,False,False,False,hospital,False
ist.salesiano don bosco,VIA,TONALE,19,1213,2,accesso interno,240,istituto salesiano don bos,somministrazione,Assente,al banco,132.0,True,False,False,False,False,False,False,False,False,False,False,False,False,False,False,False,False,False,False,False,other,False
liceo umberto boccioni,PIAZZALE,ARDUINO,4,6365,8,accesso interno,209,l.a. boccioni,somministrazione,Assente,al banco,83.0,True,False,False,False,False,False,False,False,False,False,False,False,False,False,False,False,False,False,False,False,school,False
mensa assoc.ubi maior,VIA,CROCEFISSO,18,587,1,accesso interno,331,Non specificato,somministrazione,Assente,self service,150.0,True,False,False,False,False,False,False,False,False,False,False,False,False,False,False,False,False,False,False,False,other,False
provincia di milano,VIA,CORRIDONI FILIPPO,1,3020,1,accesso interno,195,provincia di milano,somministrazione,Assente,al banco,83.0,True,False,False,False,False,False,False,False,False,False,False,False,False,False,False,False,False,False,False,False,other,False
rai,VIA,MECENATE,76,3323,4,accesso interno,73,rai spa,somministrazione,Assente,al banco,251.0,True,False,False,False,False,False,False,False,False,False,False,False,False,False,False,False,False,False,False,False,other,False
r.s.a.,VIA,SAN FAUSTINO,27,2681,3,accesso interno,0,residenza sanitario assist,somministrazione,Assente,al banco,115.0,True,False,False,False,False,False,False,False,False,False,False,False,False,False,False,False,False,False,False,False,other,False
sala conv. comand o aerop,VIALE,DELL' AVIAZIONE,1,3319,4,accesso interno,51,sala convegno unica comand,somministrazione,Assente,al banco,25.0,True,False,False,False,False,False,False,False,False,False,False,False,False,False,False,False,False,False,False,False,other,False
scuola,VIA,INGANNI ANGELO,12,6672,6,accesso interno,92,istruzionne secondaria sec,somministrazione,Assente,al banco,30.0,True,False,False,False,False,False,False,False,False,False,False,False,False,False,False,False,False,False,False,False,school,False
stabilimenti militari,VIA,LAMARMORA ALFONSO,29,4103,1,accesso interno,112,caserma g. medici 3°batt..,somministrazione,Assente,al banco,58.0,True,False,False,False,False,False,False,False,False,False,False,False,False,False,False,False,False,False,False,False,other,False
telecom,VIA,MARCO AURELIO,028,2298,2,accesso interno,334,telecom italia,somministrazione,Assente,al banco,93.0,True,False,False,False,False,False,False,False,False,False,False,False,False,False,False,False,False,False,False,False,other,False
telecom italia,VIA,PIRELLI GIOVANNI BATTISTA,35,1195,9,accesso interno,301,telecom italia,somministrazione,Assente,al banco,255.0,True,False,False,False,False,False,False,False,False,False,False,False,False,False,False,False,False,False,False,False,other,False
tribunale,VIA,FREGUGLIA CARLO,1,3014,1,accesso interno,110,palazzo di giustizia,somministrazione,Assente,al banco,92.0,True,False,False,False,False,False,False,False,False,False,False,False,False,False,False,False,False,False,False,False,other,False
universita bicocca pal.u3,VIA,EMANUELI LUIGI,012,1690,9,accesso interno,0,polo bicocca edificio u3,somministrazione,Assente,al banco,80.0,True,False,False,False,False,False,False,False,False,False,False,False,False,False,False,False,False,False,False,False,school,False
univ. studi di mil.,PIAZZA,DELL'ATENEO NUOVO,1,1740,9,accesso interno,0,univ.degli studi di milano,somministrazione,Assente,al banco,135.0,True,False,False,False,False,False,False,False,False,False,False,False,False,False,False,False,False,False,False,False,other,False
c/0 istit.ciechi di milan,VIA,VIVAIO,7,3041,1,accesso interno,0,istituto dei ciechi,somministrazione,Assente,al banco,78.0,True,False,False,False,False,False,False,False,False,False,False,False,False,False,False,False,False,False,False,False,other,False
Non specificata,VIALE,MONZA,82,2274,2,accesso interno,0,Non specificato,somministrazione,Assente,al banco,8.0,True,False,False,False,False,False,False,False,False,False,False,False,False,False,False,False,False,False,False,False,other,False
i.p. caterina da siena,VIALE,LOMBARDIA,89,2400,3,accesso interno,7,i.p.c.s. caterina da siena,somministrazione,Assente,al banco,67.0,True,False,False,False,False,False,False,False,False,False,False,False,False,False,False,False,False,False,False,False,other,False
l.c. beccaria,VIA,LINNEO CARLO,5,6141,8,accesso interno,91,l.c.s. beccaria,somministrazione,Assente,al banco,21.0,True,False,False,False,False,False,False,False,False,False,False,False,False,False,False,False,False,False,False,False,other,False
l.c. berchet,VIA,DELLA COMMENDA,26,3146,1,accesso interno,116,l.c.s. g. berchet,somministrazione,Assente,al banco,15.0,True,False,False,False,False,False,False,False,False,False,False,False,False,False,False,False,False,False,False,False,other,False
provincia milano,CORSO,DI PORTA VITTORIA,27,3016,1,accesso interno,108,Non specificato,somministrazione,Assente,al banco,199.0,True,False,False,False,False,False,False,False,False,False,False,False,False,False,False,False,False,False,False,False,other,False
prov. milano,VIA,PETRARCA FRANCESCO,20,6182,1,accesso interno,72,provincia di milano,somministrazione,Assente,al banco,120.0,True,False,False,False,False,False,False,False,False,False,False,False,False,False,False,False,False,False,False,False,other,False
int.istituto g.galilei,VIA,PARAVIA PIER ALESSANDRO,31,6571,7,accesso interno,237,i.t.i.s. galilei,somministrazione,Assente,al banco,45.0,True,False,False,False,False,False,False,True,False,False,False,False,False,False,False,True,False,False,False,False,other,False
Non specificata,PIAZZA,DELLA SCIENZA,2,1753,9,accesso interno,0,univ.degli studi di milano,somministrazione,Assente,al banco,178.0,True,True,False,False,False,False,False,False,False,False,False,False,False,False,False,False,False,False,False,False,other,False
int.polo mozart (associaz,VIA,MOZART WOLFANGO,016,3039,1,accesso interno,0,istituto dei ciechi di mil,somministrazione,Assente,self service,79.0,True,True,False,False,False,False,False,False,False,False,False,False,False,False,False,False,False,False,False,False,other,False
autogrill,VIA,LA MASA GIUSEPPE,19,7286,9,accesso interno,0,istituto mario negri,somministrazione,Assente,self service,118.0,True,True,False,False,False,False,False,False,False,True,False,False,False,False,True,False,True,False,True,False,other,False
fondaz.centro s.raffaele,VIA,OLGETTINA,58,2530,3,accesso interno,0,ospedale s.raffaele-tendos,somministrazione,Assente,self service,171.0,True,True,False,False,False,False,False,False,False,True,False,False,False,False,True,False,True,False,True,False,hospital,True
isu universita studi mila,VIA,SANTA SOFIA,9,408,1,accesso interno,272,università degli studi di,somministrazione,Assente,self service,274.0,True,True,False,False,False,False,False,False,False,True,False,False,False,False,True,False,True,False,True,False,school,True
Non specificata,VIA,BRIOSCHI FRANCESCO,36,5243,5,accesso interno,163,parrocchia,somministrazione,minuto,al banco,65.0,True,False,True,True,True,False,False,False,False,False,False,False,False,False,False,False,False,False,False,False,other,False
Non specificata,VIA,SAN BARNABA,30,3010,1,accesso interno,202,Non specificato,somministrazione,Assente,al banco,104.0,True,False,False,False,True,False,False,False,False,False,False,False,False,False,False,False,False,False,False,False,other,False
Non specificata,VIALE,AFFORI,21,1545,9,accesso interno,144,a.n.c.r. sez. affori,somministrazione,Assente,misto,26.0,True,False,False,False,True,False,False,False,False,False,False,False,False,False,False,False,False,False,False,False,other,False
Non specificata,VICOLO,DE CASTILLIA GAETANO,4,1124,9,accesso interno,294,Non specificato,somministrazione,Assente,misto,45.0,True,False,False,False,True,False,False,False,False,False,False,False,False,False,False,False,False,False,False,False,other,False
Non specificata,PIAZZA,GASPARRI PIETRO,11,1647,9,accesso interno,30,parrocchia,somministrazione,Assente,misto,95.0,True,False,True,True,True,False,False,False,False,False,False,False,False,False,False,True,False,False,False,False,other,False
Non specificata,VIA,AMPOLA,11,4132,5,accesso esterno,44,cral boehringer,somministrazione,Assente,al banco,264.0,True,False,False,True,True,False,False,False,False,False,False,False,False,False,False,False,False,False,False,False,other,False
Non specificata,VIA,CADAMOSTO ALVISE,002,2152,3,accesso interno,110,a.n.c.r. sez. venezia-nuov,somministrazione,Assente,al banco,81.0,True,False,True,True,True,False,False,False,False,False,False,False,False,False,False,False,False,False,False,False,other,False
Non specificata,VIA,ARISTOTELE,2,2488,2,accesso interno,152,parrocchia s. teresa del b,somministrazione,Assente,misto,41.0,True,False,False,True,True,False,False,False,False,False,False,False,False,False,False,True,False,False,False,False,other,False
Non specificata,VIA,BOSCOVICH RUGGERO,38,2131,3,accesso interno,74,circolo sordomuti,somministrazione,Assente,misto,120.0,True,False,False,False,True,False,False,False,False,False,False,False,False,False,False,True,False,False,False,False,other,False
Non specificata,VIALE,MOLISE,005,3178,4,accesso interno,104,bar gruppo anziani molise,somministrazione,Assente,al banco,14.0,True,False,False,False,True,False,False,False,False,False,False,False,False,False,False,True,False,False,False,False,horeca,False
Non specificata,VIA,DE CASTILLIA GAETANO,21,1123,9,accesso interno,283,circolo uri,somministrazione,Assente,al banco,205.0,True,False,False,False,False,True,False,False,False,False,False,False,False,False,False,False,False,False,False,False,other,False
Non specificata,VIA,MONTE DI PIETA',1,121,1,accesso interno,304,circolo ambrosiano,somministrazione,Assente,al banco,106.0,True,False,False,False,False,True,False,False,False,False,False,False,False,False,False,False,False,False,False,False,other,False
Non specificata,VIA,BONFADINI ROMUALDO,217,3341,4,accesso esterno,153,Non specificato,somministrazione,Assente,misto,84.0,True,False,False,False,False,True,False,False,False,False,False,False,False,False,False,False,False,False,False,False,other,False
Non specificata,VIA,CEVEDALE,5,1087,9,accesso interno,0,trinity skatepark,somministrazione,Assente,al banco,48.0,True,False,False,False,False,True,False,False,False,False,False,False,False,False,False,False,False,False,False,False,other,False
bocciofin forlanini,VIA,DALMAZIA,11,3363,4,accesso interno,39,parrocchia s. nicolao,somministrazione,Assente,al banco,128.0,True,False,False,False,False,True,False,False,False,False,False,False,False,False,False,False,False,False,False,False,other,False
c/o c.a.p.a.c.,VIALE,MURILLO S.B.,17,6551,7,accesso interno,252,c.a.p.a.c.,somministrazione,Assente,al banco,77.0,True,False,False,False,False,True,False,False,False,False,False,False,False,False,False,False,False,False,False,False,other,False
bar tavola fredda,VIA,ANASSAGORA,11,2531,2,accesso interno,0,Non specificato,somministrazione,Assente,al banco,119.0,True,True,False,False,False,True,False,True,False,False,False,False,False,False,False,False,False,False,False,False,horeca,False
raganella,VIALE,ZARA,81,1170,9,accesso interno,0,Non specificato,somministrazione,Assente,al banco,27.0,True,True,False,False,False,True,False,True,False,False,False,False,False,False,False,True,False,False,False,False,other,False
Non specificata,VIA,BORSIERI PIETRO,2,1128,9,accesso interno,0,Non specificato,somministrazione,Assente,al banco,20.0,True,False,False,False,False,True,False,False,False,False,False,False,False,False,False,True,False,False,False,False,other,False
Non specificata,VIA,CORSICO,3,5157,6,accesso interno,57,circolo amadeus,somministrazione,Assente,al banco,68.0,True,False,False,False,False,True,False,False,False,False,False,False,False,False,False,True,False,False,False,False,other,False
bar picchio cocktail pan.,VIA,PIER LOMBARDO,20,4073,4,accesso interno,0,Non specificato,somministrazione,Assente,al banco,71.0,True,False,False,False,False,True,False,False,False,False,False,False,False,False,False,True,False,False,False,False,horeca,False
circolo chico mendes,VIA,OLLEARO ULDERICO,5,7254,8,accesso interno,292,Non specificato,somministrazione,Assente,al banco,100.0,True,False,False,False,False,True,False,False,False,False,False,False,False,False,False,True,False,False,False,False,other,False
apollo,VIA,PROCACCINI GIULIO CESARE,17,7204,8,accesso esterno,64,Non specificato,somministrazione,Assente,al banco,10.0,True,False,False,False,False,False,True,False,False,False,False,False,False,False,False,False,False,False,False,False,other,False
Non specificata,VIA,MOTTARONE,3,7303,8,accesso esterno,288,circolo aics maffioli,somministrazione,Assente,al banco,20.0,True,False,False,False,False,False,False,False,False,False,False,False,False,False,False,False,False,False,False,False,other,False
Non specificata,VIALE,LOMBARDIA,65,2400,3,accesso esterno,7,circolo arci,somministrazione,Assente,misto,180.0,True,False,False,False,False,False,False,False,False,False,False,False,False,False,False,False,False,False,False,False,other,False
interno sezione tiro naz.,VIALE,PAPA ACHILLE,022,6469,8,accesso interno,232,Non specificato,somministrazione,Assente,misto,259.0,True,False,False,False,False,False,False,False,False,False,False,False,False,False,False,True,False,False,False,False,other,False
centro diurno per disabil,VIA,BAZZI CARLO,68,4222,5,accesso interno,0,Non specificato,somministrazione,Assente,al banco,33.0,True,False,False,False,False,False,False,False,False,False,False,False,False,False,False,False,False,False,False,False,other,False
Non specificata,VIALE,CORSICA,S.N.C.,3262,4,accesso interno,0,Non specificato,somministrazione,Assente,al banco,14.0,True,False,False,False,False,False,False,False,False,False,False,False,False,False,False,False,False,False,False,False,other,False
Non specificata,VIALE,MUGELLO,S.N.C.,3140,4,accesso interno,0,Non specificato,somministrazione,Assente,al banco,130.0,True,False,False,False,False,False,False,False,False,False,False,False,False,False,False,False,False,False,False,False,other,False
bricco cafe,PIAZZA,SIGMUND FREUD,1,1705,9,accesso interno,0,Non specificato,somministrazione,Assente,al banco,147.0,True,False,False,False,False,False,False,False,False,False,False,False,False,False,False,False,False,False,False,False,other,False
Non specificata,VIA,ANTONINI GIACOMO,35,4250,5,accesso esterno,95,distributore carburanti,somministrazione,Assente,al banco,47.0,True,False,False,False,False,False,False,False,False,False,False,False,False,False,False,False,False,False,False,False,other,False
Non specificata,VIA,ISERNIA,5,6461,8,accesso interno,0,Non specificato,somministrazione,Assente,al banco,43.0,True,False,False,False,False,False,False,False,False,False,False,False,False,False,False,False,False,False,False,False,other,False
Non specificata,VIALE,CERTOSA,223,7174,8,accesso interno,0,Non specificato,somministrazione,Assente,al banco,83.0,True,False,False,False,False,False,False,False,False,False,False,False,False,False,False,False,False,False,False,False,other,False
Non specificata,VIALE,SARCA,205,1427,9,accesso interno,0,Non specificato,somministrazione,Assente,al banco,82.0,True,False,False,False,False,False,False,False,False,False,False,False,False,False,False,False,False,False,False,False,other,False
Non specificata,VIA,OXILIA NINO,10,2287,2,accesso interno,327,parrocchia s. maria beltra,somministrazione,Assente,al banco,47.0,True,False,False,False,False,False,False,False,False,False,False,False,False,False,False,False,False,False,False,False,other,False
istituto auxologico itali,VIA,BIANCHI MOSE',90,6385,7,accesso interno,0,istituto auxologico italia,somministrazione,Assente,al banco,83.0,True,False,False,False,False,False,False,False,False,False,False,False,False,False,False,False,False,False,False,False,other,False
provincia milano,VIALE,PICENO,60,3114,4,accesso interno,209,provincia di milano,somministrazione,Assente,al banco,176.0,True,False,False,False,False,False,False,False,False,False,False,False,False,False,False,False,False,False,False,False,other,False
istituto kandisky,VIA,BARONI COSTANTINO,35,5422,5,accesso esterno,98,i.p.c.s. kandisky,somministrazione,Assente,misto,8.0,True,False,False,False,False,False,False,False,False,False,False,False,False,False,False,False,False,False,False,False,other,False
bar int.cinema multisala,VIA,CHIESE,60,1627,9,accesso interno,0,Non specificato,somministrazione,Assente,al banco,146.0,True,False,False,False,False,False,False,True,False,False,False,False,False,False,False,False,False,False,False,False,horeca,False
el maroco,VIA,BARACCHINI FLAVIO,1,356,1,accesso esterno,422,Non specificato,somministrazione,Assente,misto,158.0,True,False,False,False,False,False,True,True,False,False,False,False,True,False,False,False,False,True,False,True,other,False
Non specificata,VIA,SAINT BON SIMONE,20,6670,7,accesso interno,186,centro diagnostico italian,somministrazione,Assente,self service,88.0,True,False,False,False,False,False,False,False,False,False,False,False,False,False,False,True,False,False,False,False,other,False
Non specificata,VIALE,MONZA,285,2274,2,accesso interno,0,impianto distr. carburanti,somministrazione,Assente,al banco,25.0,True,True,False,False,False,False,False,False,False,False,False,False,False,False,False,False,False,False,False,False,other,False
pasticceria bar lima,VIA,MECENATE,86,3323,4,accesso interno,0,Non specificato,somministrazione,Assente,al banco,104.0,True,True,False,False,False,True,False,False,False,False,False,False,False,False,False,False,False,False,False,False,horeca,False
pretty bar,VIALE,MONZA,222,2274,2,accesso interno,998,Non specificato,somministrazione,Assente,al banco,41.0,True,True,False,False,False,True,False,True,False,False,False,False,False,False,False,False,False,False,False,False,horeca,False
bar buonarroti,VIA,MECENATE,86,3323,4,accesso interno,0,Non specificato,somministrazione,minuto,misto,40.0,True,True,False,False,False,True,False,False,True,False,False,False,False,False,False,True,False,False,False,False,horeca,False
Non specificata,VIA,CADOLINI GIOVANNI,19,4098,4,accesso interno,0,Non specificato,somministrazione,Assente,al banco,9.0,True,True,False,False,False,True,False,True,False,False,False,False,False,False,False,True,False,False,False,False,other,False
discoteca peep show,VIA,CARDUCCI GIOSUE',25,602,1,accesso esterno,282,Non specificato,somministrazione,Assente,misto,220.0,True,False,False,False,False,False,True,True,False,False,False,False,False,False,False,True,False,False,False,False,other,False
il faro,PIAZZA,VENTIQUATTRO MAGGIO,1,5200,5,accesso interno,52,Non specificato,somministrazione,Assente,al banco,16.0,True,False,False,False,False,False,False,False,False,False,False,False,False,False,False,False,False,False,False,False,other,False
dhsv scuola germanica,VIA,LEGNANO,24,7082,1,accesso interno,81,dhsv scuola germanica,somministrazione,Assente,al banco,200.0,True,False,False,False,False,False,False,True,False,False,False,False,False,False,False,True,False,False,False,False,school,False
c/o prada spa,VIA,BERGAMO,21,3189,4,accesso interno,97,prada s.p.a.,somministrazione,Assente,self service,254.0,True,False,False,False,False,False,False,False,False,True,False,False,False,False,True,False,True,False,True,False,company,False
banca nazionale del lavor,VIA,DERUTA,19,2539,3,accesso interno,53,banca nazionale del lavoro,somministrazione,Assente,self service,175.0,True,False,False,False,False,False,False,False,False,True,False,False,False,False,True,False,True,False,True,False,other,False
bar centrale frau,VIA,QUARENGHI GIACOMO,23,7478,8,accesso interno,300,Non specificato,somministrazione,Assente,misto,62.0,True,True,False,False,False,False,False,True,False,False,False,True,False,False,False,False,False,False,False,False,horeca,False
Non specificata,CORSO,LODI,51,4068,4,accesso esterno,182,Non specificato,somministrazione,Assente,al banco,116.0,True,False,False,False,False,False,False,False,False,False,False,False,True,False,False,False,False,True,False,True,other,False
Non specificata,VIA,MASCAGNI PIETRO,8,3155,1,accesso interno,193,Non specificato,somministrazione,Assente,al banco,158.0,True,False,False,False,False,False,False,False,False,False,False,False,False,True,False,False,False,False,False,False,other,False
Non specificata,VIA,PAPA GREGORIO XIV,001,580,1,accesso interno,332,scuola,somministrazione,Assente,al banco,36.0,True,False,False,False,False,False,False,False,False,False,False,False,False,True,False,True,False,False,False,False,school,False
i.t.i. feltrinelli,PIAZZA,CARO TITO LUCREZIO,8,5208,5,accesso interno,116,i.t.i. feltrinelli,somministrazione,minuto,al banco,100.0,True,False,False,False,False,False,False,False,False,False,False,False,False,True,False,True,False,False,False,False,other,False
Non specificata,VIA,OGLIO,S.N.C.,4105,4,accesso interno,0,Non specificato,somministrazione,Assente,al banco,84.0,True,False,False,False,False,False,False,False,False,False,False,False,False,False,True,False,True,False,True,False,other,False
Non specificata,VIA,PAREA CARLO,13,3344,4,accesso interno,0,Non specificato,somministrazione,Assente,al banco,30.0,True,False,False,False,False,False,False,False,False,False,False,False,False,False,False,True,False,False,False,False,other,False
c/o istituto marelli,VIA,LIVIGNO,11,1296,9,accesso interno,66,i.p.i.a. ercole marelli,somministrazione,Assente,al banco,48.0,True,False,False,False,False,False,False,True,False,False,False,False,False,False,False,True,False,False,False,False,other,False
mensa c/o nestle italiana,VIALE,RICHARD GIULIO,5,5374,6,accesso interno,0,Non specificato,somministrazione,Assente,al banco,90.0,True,False,False,False,False,False,False,True,False,False,False,False,False,False,False,True,False,False,False,False,other,False
la rinascente,VIA,SANTA RADEGONDA,3,208,1,accesso esterno,0,Non specificato,somministrazione,Assente,al banco,109.0,True,True,False,False,False,False,False,True,False,False,False,False,False,False,False,False,False,False,False,False,other,False
la tour d orient night c.,VIA,FILZI FABIO,41,1190,2,accesso esterno,242,Non specificato,somministrazione,Assente,misto,132.0,True,False,False,False,False,False,True,False,False,False,False,True,True,False,True,False,True,True,True,True,other,False
Non specificata,CORSO,DI PORTA ROMANA,63,402,1,accesso interno,115,Non specificato,somministrazione,Assente,al banco,12.0,True,False,False,False,False,False,False,True,False,False,False,False,False,False,False,False,False,False,False,False,other,False
Non specificata,CORSO,VERCELLI,18,6193,7,accesso interno,216,Non specificato,somministrazione,Assente,al banco,44.0,True,False,False,False,False,False,False,True,False,False,False,False,False,False,False,False,False,False,False,False,other,False
Non specificata,LARGO,AUGUSTO,1,315,1,accesso interno,319,Non specificato,somministrazione,Assente,al banco,13.0,True,False,False,False,False,False,False,True,False,False,False,False,False,False,False,False,False,False,False,False,other,False
Non specificata,LARGO,QUINTO ALPINI,12,6346,1,accesso interno,75,Non specificato,somministrazione,Assente,al banco,20.0,True,False,False,False,False,False,False,True,False,False,False,False,False,False,False,False,False,False,False,False,other,False
Non specificata,VIA,MERCALLI GIUSEPPE,30,4011,1,accesso interno,207,casa di cura capitanio,somministrazione,Assente,self service,115.0,True,False,False,False,False,False,False,True,False,False,False,False,False,False,False,False,False,False,False,False,hospital,False
Non specificata,VIA,MONFALCONE,34,2538,3,accesso interno,40,Non specificato,somministrazione,Assente,al banco,230.0,True,False,False,False,False,False,False,True,False,False,False,False,False,False,False,False,False,False,False,False,other,False
Non specificata,VIA,MONTE PARALBA,15,4369,4,accesso interno,83,parrocchia,somministrazione,Assente,al banco,37.0,True,False,False,False,False,False,False,True,False,False,False,False,False,False,False,False,False,False,False,False,other,False
bar c/o campo sportivo,VIA,FALCK ENRICO,28,7438,8,accesso interno,5,Non specificato,somministrazione,Assente,al banco,60.0,True,False,False,False,False,False,False,True,False,False,False,False,False,False,False,False,False,False,False,False,horeca,False
bar c/o istit.paolo frisi,VIA,OTRANTO,1,7473,8,accesso interno,90,i.p.s.i.a. frisi,somministrazione,Assente,al banco,73.0,True,False,False,False,False,False,False,True,False,False,False,False,False,False,False,False,False,False,False,False,horeca,False
bar int.centro sportivo,VIA,ORSINI FELICE,84,7476,8,accesso interno,22,Non specificato,somministrazione,Assente,al banco,70.0,True,False,False,False,False,False,False,True,False,False,False,False,False,False,False,False,False,False,False,False,horeca,False
bar int.circolo arci gate,VIA,DEI VALTORTA,19,2324,2,accesso interno,269,Non specificato,somministrazione,Assente,al banco,76.0,True,False,False,False,False,False,False,True,False,False,False,False,False,False,False,False,False,False,False,False,horeca,False
bar in tip.c,VIA,DE AMICIS EDMONDO,4,574,1,accesso esterno,220,Non specificato,somministrazione,Assente,al banco,270.0,True,False,False,False,False,False,False,True,False,False,False,False,False,False,False,False,False,False,False,False,horeca,False
bar int.teatro grassi,VIA,ROVELLO,2,722,1,accesso interno,377,Non specificato,somministrazione,Assente,al banco,14.0,True,False,False,False,False,False,False,True,False,False,False,False,False,False,False,False,False,False,False,False,horeca,False
c/0 rsa saccardo,VIA,SACCARDO PIETRO ANDREA,47,2665,3,accesso interno,117,residenze saccardo,somministrazione,Assente,al banco,132.0,True,False,False,False,False,False,False,True,False,False,False,False,False,False,False,False,False,False,False,False,other,False
casa istruzione lombarda,VIA,RIPAMONTI GIUSEPPE,85,4066,5,accesso interno,11,c.s.a. istruzione lombardi,somministrazione,Assente,self service,65.0,True,False,False,False,False,False,False,True,False,False,False,False,False,False,False,False,False,False,False,False,horeca,False
c/o fac.scienze politiche,VIA,CONSERVATORIO,7,3031,1,accesso interno,193,facoltà scienze politiche,somministrazione,Assente,al banco,119.0,True,False,False,False,False,False,False,True,False,False,False,False,False,False,False,False,False,False,False,False,other,False
c/o ist.schiaparelli-gram,LARGO,SERENI VITTORIO,1,3384,4,accesso interno,208,i.t.c. schiapparelli grams,somministrazione,Assente,al banco,44.0,True,False,False,False,False,False,False,True,False,False,False,False,False,False,False,False,False,False,False,False,other,False
int.g.finanza nucleo reg.,VIA,FILZI FABIO,42,1190,2,accesso interno,247,comando nucleo regionale,somministrazione,Assente,al banco,108.0,True,False,False,False,False,False,False,True,False,False,False,False,False,False,False,False,False,False,False,False,other,False
int.centro uffici s.siro,VIA,CALDERA,21,6302,7,accesso interno,0,Non specificato,somministrazione,minuto,al banco,151.0,True,False,False,False,False,False,False,True,False,False,False,False,False,False,False,True,False,False,False,False,company,False
int.teatro arcimboldi,VIALE,DELL' INNOVAZIONE,000,1731,9,accesso interno,0,Non specificato,somministrazione,Assente,al banco,168.0,True,True,False,False,False,False,False,True,False,False,False,False,False,False,False,False,False,False,False,False,other,False
Non specificata,VIALE,ABRUZZI,028,2177,3,accesso esterno,106,Non specificato,somministrazione,Assente,al banco,103.0,True,True,False,False,False,False,False,True,False,False,False,False,False,False,False,False,False,False,False,False,other,False
bingo azzurro,VIA,LORENTEGGIO,208,5132,6,accesso esterno,90,Non specificato,somministrazione,Assente,al tavolo,90.0,True,True,False,False,False,True,False,True,False,False,False,False,False,False,False,True,False,False,False,False,other,False
mensa ospedale.s.giuseppe,VIA,SAN VITTORE,12,647,1,accesso interno,284,bar ospedale s. giuseppe,somministrazione,Assente,al banco,146.0,True,False,False,False,False,True,False,True,False,False,False,False,False,False,False,False,False,False,False,False,hospital,False
bar tabacchi i ventagli,VIA,CANDIANI GIUSEPPE,152,1242,9,accesso interno,5,Non specificato,somministrazione,Assente,al banco,152.0,True,True,False,False,False,True,False,True,False,False,False,False,False,False,False,True,False,False,False,False,horeca,False
bar lago verde,VIA,MACCONAGO,032,4298,5,area aperta recintata,206,Non specificato,somministrazione,Assente,al banco,36.0,True,False,False,False,False,False,False,True,True,False,False,False,False,False,False,True,False,False,False,False,horeca,False
circolo acli,PIAZZA,MADONNA DELLA PROVVIDENZA,1,6851,7,accesso interno,23,circolo acli,somministrazione,Assente,al banco,45.0,True,False,False,False,False,False,False,True,True,False,False,False,False,False,False,True,False,False,False,False,other,False
buffet della stazione,PIAZZALE,STAZIONE DI PORTA GENOVA,3,5120,6,accesso esterno,0,Non specificato,somministrazione,Assente,al banco,119.0,True,False,False,False,False,False,False,True,False,False,True,False,False,False,True,True,False,False,False,False,other,False
bar caffe venere club,VIA,MAGOLFA,12,5159,6,accesso interno,74,Non specificato,somministrazione,Assente,al banco,118.0,True,False,False,False,False,False,False,True,False,False,False,True,False,False,False,True,False,False,False,False,horeca,False
Non specificata,PIAZZA,BELGIOIOSO,2,232,1,accesso esterno,363,circolo artisti e patriott,somministrazione,Assente,al banco,335.0,True,False,False,False,False,False,False,True,False,False,False,False,True,False,False,False,False,False,False,False,other,False
extasia,LARGO,AUGUSTO,7,315,1,accesso esterno,266,Non specificato,somministrazione,Assente,al banco,90.0,True,False,False,False,False,False,True,True,False,False,False,False,False,False,False,False,False,False,False,False,other,False
Non specificata,VIA,DE ANDREIS LUIGI,13,3272,4,accesso esterno,271,Non specificato,somministrazione,Assente,al banco,200.0,True,False,False,False,False,False,True,True,False,False,False,False,False,False,False,False,False,False,False,False,other,False
Non specificata,VIA,MADRUZZO CRISTOFORO,3,6401,8,accesso interno,0,Non specificato,somministrazione,Assente,al banco,83.0,True,False,False,False,False,False,False,True,False,False,False,False,False,False,True,False,False,False,False,False,other,False
bar c/o la nuova cuccia,VIA,VARESINA,80,7290,8,accesso interno,252,Non specificato,somministrazione,Assente,self service,92.0,True,False,False,False,False,False,False,True,False,False,False,False,False,False,True,False,False,False,False,False,horeca,False
mensa int.minist.tesoro,VIA,ZURETTI GIANFRANCO,34,1216,2,accesso esterno,143,ministero del tesoro,somministrazione,Assente,misto,71.0,True,False,False,False,False,False,False,True,False,False,False,False,False,False,True,False,False,False,False,False,public_office,False
Non specificata,CORSO,DI PORTA NUOVA,21,1044,1,accesso interno,9,ospedale oftalmico,somministrazione,Assente,al banco,23.0,True,False,False,False,False,False,False,True,False,False,False,False,False,False,False,True,False,False,False,False,hospital,False
Non specificata,VIA,CIAIA IGNAZIO,012,1294,9,accesso interno,65,parrocchia s. nicola,somministrazione,Assente,al banco,280.0,True,False,False,False,False,False,False,True,False,False,False,False,False,False,False,True,False,False,False,False,other,False
Non specificata,VIA,VARESINA,46,7290,8,accesso interno,266,Non specificato,somministrazione,Assente,al banco,269.0,True,False,False,False,False,False,False,True,False,False,False,False,False,False,False,True,False,False,False,False,other,False
cinema teatro san carlo,VIA,MOROZZO DELLA ROCCA,12,6215,1,accesso esterno,144,Non specificato,somministrazione,Assente,al banco,54.0,True,False,False,False,False,False,False,True,False,False,False,False,False,False,False,True,False,False,False,False,other,False
circ.aziend.lavorat.scala,VIA,BERGOGNONE AMBROGIO DA FOSSANO,34,5130,6,accesso interno,31,circ.azie.lavoratori scala,somministrazione,Assente,al banco,92.0,True,False,False,False,False,False,False,True,False,False,False,False,False,False,False,True,False,False,False,False,other,False
int.liceo scien.a.eistein,VIA,EINSTEIN ALBERTO,3,4199,4,accesso interno,145,l.s. einstein,somministrazione,Assente,al banco,7.0,True,False,False,False,False,False,False,True,False,False,False,False,False,False,False,True,False,False,False,False,school,False
night club il gabbiano,VIA,VALVASSORI PERONI CARLO,41,2580,3,accesso esterno,104,Non specificato,somministrazione,Assente,misto,112.0,True,False,False,False,False,False,False,True,False,False,False,False,False,False,False,True,False,False,False,False,other,False
Non specificata,VIA,VALPARAISO,2,6093,6,accesso interno,0,ludoteca per bambini,somministrazione,Assente,al banco,75.0,True,False,False,False,False,False,False,True,False,False,False,False,False,False,False,True,False,False,False,False,other,False
bar int.palestra,VIA,SARPI FRA' PAOLO,8,7210,8,accesso interno,68,Non specificato,somministrazione,Assente,al banco,39.0,True,False,False,False,False,True,False,True,False,False,False,False,False,False,False,True,False,False,False,False,horeca,False
bar/assoc.sport.biliardo,VIA,CARDINALE MEZZOFANTI,8,3277,4,accesso interno,208,Non specificato,somministrazione,Assente,al banco,85.0,True,False,False,False,False,False,False,True,False,False,False,False,False,False,False,True,False,False,False,False,horeca,False
bar c/o musiclub,VIA,ABBA GIUSEPPE CESARE,7,1295,9,accesso interno,69,Non specificato,somministrazione,Assente,al banco,36.0,True,False,False,False,False,False,False,False,True,False,False,False,False,False,False,False,False,False,False,False,horeca,False
Non specificata,VIA,DE CASTILLIA GAETANO,30,1123,9,accesso esterno,294,Non specificato,somministrazione,Assente,al banco,117.0,True,False,False,False,False,False,True,True,True,False,False,False,False,False,False,False,False,False,False,False,other,False
Non specificata,VIA,MOSCA ANTONIO,67,6788,7,accesso esterno,242,circolo aics olmi,somministrazione,Assente,al banco,120.0,True,False,False,False,False,False,False,False,False,False,False,False,False,False,False,False,False,False,False,False,other,False
Non specificata,LARGO,BALESTRA ANTONIO,5,5464,6,accesso esterno,0,Non specificato,somministrazione,Assente,al banco,48.0,True,False,False,False,False,False,False,False,False,False,False,True,False,False,False,False,False,False,False,False,other,False
Non specificata,VIA,CASSINIS GIOVANNI BATTISTA,21,4309,4,accesso interno,0,centro helvetia,somministrazione,Assente,self service,173.0,True,False,False,False,False,False,False,False,False,True,False,False,False,False,False,False,False,False,False,False,other,False
Non specificata,VIA,DEI PANIGAROLA,14,4284,4,accesso interno,129,rsa virgilio ferrari,somministrazione,Assente,self service,294.0,True,False,False,False,False,False,False,False,False,True,False,False,False,False,False,False,False,False,False,False,other,False
Non specificata,VIA,SAN VIGILIO,1,5424,6,accesso interno,79,cral savoia assicuraz. spa,somministrazione,Assente,self service,240.0,True,False,False,False,False,False,False,False,False,True,False,False,False,False,False,False,False,False,False,False,other,False
Non specificata,VIA,SPADOLINI GIOVANNI,7,4325,5,accesso interno,0,centro leoni,somministrazione,Assente,self service,173.0,True,False,False,False,False,False,False,False,False,True,False,False,False,False,False,False,False,False,False,False,other,False
Non specificata,VIA,TONALE,11,1213,2,accesso interno,242,telecom italia,somministrazione,Assente,self service,164.0,True,False,False,False,False,False,False,False,False,True,False,False,False,False,False,False,False,False,False,False,other,False
banca profilo spa,CORSO,ITALIA,49,526,1,accesso interno,48,banca profilo,somministrazione,Assente,self service,174.0,True,False,False,False,False,False,False,False,False,True,False,False,False,False,False,False,False,False,False,False,other,False
bar c/o residenza anziani,VIA,SAN LUCA,4,5193,1,accesso interno,209,residenza sanitaria per an,somministrazione,Assente,al banco,95.0,True,False,False,False,False,False,False,False,False,True,False,False,False,False,False,False,False,False,False,False,horeca,False
binda spa,VIALE,CERTOSA,2,7174,8,accesso interno,336,binda,somministrazione,Assente,self service,162.0,True,False,False,False,False,False,False,False,False,True,False,False,False,False,False,False,False,False,False,False,other,False
centro educativo/sportivo,VIA,DEI MISSAGLIA,117,5340,5,accesso interno,102,istituto don calabria,somministrazione,Assente,self service,143.0,True,False,False,False,False,False,False,False,False,True,False,False,False,False,False,False,False,False,False,False,other,False
int.boehringer ingelheir,VIA,MARELLI ERCOLE,1,4128,5,accesso interno,0,boehringer ingelheim itali,somministrazione,Assente,self service,350.0,True,False,False,False,False,False,False,False,False,True,False,False,False,False,False,False,False,False,False,False,other,False
int.l oreal italia spa.,VIA,PRIMATICCIO FRANCESCO,155,6646,6,accesso interno,35,l'oreal italia,somministrazione,Assente,al banco,155.0,True,False,False,False,False,False,False,False,False,True,False,False,False,False,False,False,False,False,False,False,other,False
i.t.s.s. p. p. pasolini,VIA,BISTOLFI LEONARDO,15,2682,3,accesso interno,144,i.t.t. pier paolo pasolini,somministrazione,Assente,self service,228.0,True,False,False,False,False,False,False,False,False,True,False,False,False,False,False,False,False,False,False,False,other,False
mensa enel real estate,VIA,BERTOLAIA GIUSEPPE,38,2408,2,accesso interno,6,enel real estate s.p.a.,somministrazione,Assente,al banco,157.0,True,False,False,False,False,False,False,False,False,True,False,False,False,False,False,False,False,False,False,False,company,False
mensa unisys spa.,VIA,CRESPI BENIGNO,57,1313,9,accesso interno,53,unisys s.p.a,somministrazione,Assente,self service,203.0,True,False,False,False,False,False,False,False,False,True,False,False,False,False,False,False,False,False,False,False,other,False
residenza arzaga,VIA,ARZAGA,1,6674,6,accesso interno,0,residenza sanitario assist,somministrazione,Assente,self service,260.0,True,False,False,False,False,False,False,False,False,True,False,False,False,False,False,False,False,False,False,False,other,False
c/o i.u.lm.,VIA,CARLO BO,1,5485,6,accesso interno,0,università iulm,somministrazione,Assente,self service,221.0,True,False,False,False,False,False,False,True,False,True,False,False,False,False,False,False,False,False,False,False,school,False
Non specificata,VIA,DURANDO GIOVANNI,38,1466,9,accesso esterno,14,mensa interaziendale,somministrazione,Assente,misto,225.0,True,False,False,False,False,False,False,False,False,True,False,False,False,False,True,False,True,False,True,False,company,False
Non specificata,VIALE,BODIO LUIGI,29,1237,9,accesso interno,0,centro direzionale bodio,somministrazione,Assente,misto,162.0,True,False,False,False,False,False,False,False,False,True,False,False,False,False,True,False,True,False,True,False,other,False
Non specificata,VIA,BOCCHETTO,6,569,1,accesso interno,433,banca unicredit group di r,somministrazione,Assente,self service,161.0,True,False,False,False,False,False,False,False,False,True,False,False,False,False,False,True,False,False,False,False,other,False
c/o i.s.u. univers.studi,VIA,VALVASSORI PERONI CARLO,21,2580,3,accesso interno,0,istituto universitario c.i,somministrazione,Assente,al banco,215.0,True,False,False,False,False,False,False,False,False,False,True,False,False,False,True,False,False,False,False,False,school,False
Non specificata,VIA,DELLA TORRE,24,2322,2,accesso interno,0,Non specificato,minuto,somministrazione,misto,93.0,True,False,False,False,False,False,False,True,False,False,False,True,False,False,False,False,False,False,False,False,other,False
bar int.circolo biliardo,VIA,CICOGNA MOZZONI CARLO,5,1676,9,accesso interno,0,Non specificato,somministrazione,Assente,al banco,64.0,True,True,False,False,False,False,False,True,False,False,False,True,False,False,False,False,False,False,False,False,horeca,False
madison dance music hall,VIA,GIOVANNI DA UDINE,28,7408,8,accesso esterno,221,Non specificato,somministrazione,Assente,misto,134.0,True,False,False,False,False,False,True,True,False,False,False,True,False,False,False,False,False,False,False,False,other,False
universita bicocca pal.u7,VIALE,SARCA,202,1427,9,accesso interno,0,polo bicocca edif.u7-46/66,somministrazione,Assente,al banco,239.0,True,False,False,False,False,False,False,True,False,False,False,True,False,False,False,True,False,False,False,False,school,True
Non specificata,VIALE,JENNER EDOARDO,68,1230,9,accesso interno,0,Non specificato,somministrazione,Assente,al banco,84.0,True,False,False,False,False,False,False,False,False,False,False,True,False,False,False,True,False,False,False,False,other,False
Non specificata,VIA,FELTRE,33,2652,3,accesso interno,0,Non specificato,somministrazione,Assente,misto,153.0,True,False,False,False,False,False,False,False,False,False,False,False,True,False,False,False,False,False,False,False,other,False
Non specificata,VIA,LATTANZIO,74,4091,4,accesso interno,102,Non specificato,somministrazione,Assente,misto,42.0,True,False,False,False,False,False,False,False,False,False,False,False,True,False,False,False,False,False,False,False,other,False
Non specificata,VIA,LORENTEGGIO,260,5132,6,accesso interno,0,Non specificato,somministrazione,Assente,misto,106.0,True,False,False,False,False,False,False,False,False,False,False,False,True,False,False,False,False,False,False,False,other,False
Non specificata,VIALE,BELISARIO,3,6360,8,accesso interno,0,Non specificato,somministrazione,Assente,misto,113.0,True,False,False,False,False,False,False,False,False,False,False,False,True,False,False,False,False,False,False,False,other,False
Non specificata,VIALE,BIANCA MARIA,18,3050,1,accesso interno,9,circolo la non libreria,somministrazione,Assente,misto,77.0,True,False,False,False,False,False,False,False,False,False,False,False,True,False,False,False,False,False,False,False,other,False
Non specificata,VIALE,PASUBIO,14,1112,9,accesso interno,0,Non specificato,somministrazione,Assente,misto,93.0,True,False,False,False,False,False,False,False,False,False,False,False,True,False,False,False,False,False,False,False,other,False
centro ippico lombardo,VIA,FETONTE,21,6495,7,accesso esterno,174,circolo centro ippico lomb,somministrazione,Assente,al banco,222.0,True,False,False,False,False,False,False,False,False,False,False,False,True,False,False,False,False,False,False,False,horeca,False
Non specificata,ALZAIA,NAVIGLIO GRANDE,160,5144,6,accesso interno,2,circolo canottieri milano,somministrazione,Assente,misto,275.0,True,False,False,False,False,False,False,True,False,False,False,False,True,False,False,False,False,False,False,False,other,False
il lupo,VIALE,UMBRIA,004,3145,4,accesso esterno,0,cent.comm.le,somministrazione,Assente,al banco,215.0,True,True,False,False,False,False,False,True,False,False,True,False,True,False,True,False,True,False,True,False,other,False
Non specificata,PIAZZA,DIAZ ARMANDO,1,339,1,accesso esterno,422,Non specificato,somministrazione,minuto,misto,126.0,True,False,False,False,False,False,True,False,False,False,False,False,True,False,False,False,False,False,False,False,other,False
Non specificata,PIAZZA,GARIBALDI ANITA,13,6786,7,accesso esterno,0,Non specificato,somministrazione,Assente,misto,127.0,True,False,False,False,False,False,True,False,False,False,False,False,True,False,False,False,False,False,False,False,other,False
nuova canottieri olona,ALZAIA,NAVIGLIO GRANDE,146,5144,6,accesso interno,2,canottieri olona srl,somministrazione,Assente,misto,408.0,True,False,False,False,False,False,False,False,False,False,False,False,True,False,False,False,False,False,False,False,company,False
Non specificata,VIA,BREMBO,23,4219,5,accesso esterno,14,Non specificato,somministrazione,Assente,misto,241.0,True,False,False,False,False,False,True,True,False,False,True,False,True,False,True,False,False,True,True,True,other,False
le jardin d histoire,CORSO,VENEZIA,55,238,1,accesso interno,18,Non specificato,somministrazione,Assente,misto,166.0,True,True,False,False,False,True,False,True,False,False,False,False,True,False,False,True,False,True,False,True,other,False
tropicana,VIALE,BLIGNY,52,4045,5,accesso esterno,0,Non specificato,somministrazione,Assente,al banco,45.0,True,False,False,False,False,False,True,True,False,False,False,False,False,False,False,False,False,False,False,False,other,False
nidaba teathre,VIA,GOLA EMILIO,12,5154,6,accesso esterno,75,Non specificato,somministrazione,Assente,al banco,78.0,True,False,False,False,False,False,True,False,False,False,False,False,False,False,False,True,False,False,False,False,other,False
arizona 2000,VIA,BATTAGLIA NATALE,14,2268,2,accesso esterno,346,Non specificato,somministrazione,Assente,al banco,128.0,True,False,False,False,False,False,True,True,False,False,False,False,False,False,False,False,False,False,False,False,other,False
discoteca,VIA,SANTA MARIA SEGRETA,007,624,1,accesso esterno,0,Non specificato,somministrazione,Assente,misto,354.0,True,False,False,False,False,False,True,True,False,False,False,False,True,False,True,False,False,True,False,True,other,False
Non specificata,VIA,BECHI GIULIO,2,2354,2,accesso esterno,0,Non specificato,somministrazione,Assente,al banco,74.0,True,False,False,False,False,False,True,False,False,False,False,False,False,False,False,True,False,False,False,False,other,False
bar mensa isu politecnico,PIAZZA,LEONARDO DA VINCI,32,2208,3,accesso interno,99,isu politecnico di milano,somministrazione,Assente,self service,240.0,True,True,False,False,False,False,False,False,False,False,False,False,False,False,True,False,True,False,True,False,school,True
bar mensa isu policlinico,VIALE,ROMAGNA,62,3102,3,accesso interno,115,isu policlinico di milano,somministrazione,Assente,self service,165.0,True,True,False,False,False,False,False,False,False,True,False,False,False,False,True,False,True,False,True,False,hospital,True
Non specificata,VIA,COMUNE ANTICO,42,1420,9,accesso interno,0,Non specificato,somministrazione,Assente,al banco,55.0,True,False,False,False,False,False,False,False,False,False,False,False,False,False,True,False,False,False,False,False,other,False
Non specificata,VIA,MANIN DANIELE,23,1052,1,accesso interno,16,Non specificato,somministrazione,Assente,al banco,78.0,True,False,False,False,False,False,False,False,False,False,False,False,False,False,True,False,False,False,False,False,other,False
bar caffe,VIALE,BERENGARIO,3,6364,8,accesso interno,226,Non specificato,somministrazione,Assente,misto,44.0,True,False,False,False,False,False,False,False,False,False,False,False,False,False,True,False,False,False,False,False,horeca,False
Non specificata,VIALE,PREMUDA,20,3063,4,accesso interno,0,Non specificato,somministrazione,Assente,al banco,85.0,True,False,False,False,False,False,False,False,False,False,False,False,False,False,True,False,False,False,False,False,other,False
bar tavola calda,VIA,FOPPA VINCENZO,24,6109,7,accesso esterno,298,Non specificato,somministrazione,Assente,al banco,188.0,True,False,False,False,False,False,False,False,False,False,False,False,False,False,True,False,False,False,False,False,horeca,False
Non specificata,VIA,MONTECUCCOLI RAIMONDO,35,6650,6,accesso interno,26,Non specificato,somministrazione,Assente,al banco,90.0,True,False,False,False,False,False,False,True,False,False,False,False,False,False,True,False,False,False,False,False,other,False
interno palestra,VIA,GARGANO,003,4163,5,accesso esterno,0,Non specificato,somministrazione,Assente,misto,58.0,True,False,False,False,False,False,False,True,False,False,False,False,False,False,True,False,False,False,False,False,other,False
int.politecnico-fisica,VIA,CELORIA GIOVANNI,16,2209,3,accesso interno,122,facoltà scienze fisiche,somministrazione,Assente,al banco,160.0,True,False,False,False,False,False,False,True,False,False,False,False,False,False,True,False,False,False,False,False,school,False
Non specificata,VIA,SOLFERINO,33,1028,1,accesso interno,6,Non specificato,somministrazione,Assente,misto,158.0,True,False,False,False,False,False,False,False,False,False,False,False,False,False,True,True,False,False,False,False,other,False
Non specificata,CORSO,LODI,39,4068,4,accesso interno,178,Non specificato,minuto,somministrazione,al banco,14.0,True,False,False,False,False,False,False,False,False,False,False,False,False,False,False,True,False,False,False,False,other,False
Non specificata,PIAZZALE,SEGESTA,004,6535,7,accesso esterno,200,coop. segesta,somministrazione,Assente,al banco,65.0,True,False,False,False,False,False,False,False,False,False,False,False,False,False,False,True,False,False,False,False,other,False
Non specificata,PIAZZA,ANELLI GIACOMO,4,2326,2,accesso esterno,270,circolo acli turro,somministrazione,Assente,al banco,183.0,True,False,False,False,False,False,False,False,False,False,False,False,False,False,False,True,False,False,False,False,other,False
Non specificata,PIAZZA,BELLOVESO,5,1593,9,accesso interno,93,parrocchia s. martino in n,somministrazione,Assente,al banco,113.0,True,False,False,False,False,False,False,False,False,False,False,False,False,False,False,True,False,False,False,False,other,False
Non specificata,PIAZZA,CARLO MAGNO,000,7166,8,accesso interno,80,bar rai,somministrazione,Assente,al banco,75.0,True,False,False,False,False,False,False,False,False,False,False,False,False,False,False,True,False,False,False,False,horeca,False
Non specificata,PIAZZA,SAN FEDELE,4,203,1,accesso esterno,384,cinema parrocc. san fedele,somministrazione,minuto,al banco,88.0,True,False,False,False,False,False,False,False,False,False,False,False,False,False,False,True,False,False,False,False,other,False
Non specificata,PIAZZA,SANT' AMBROGIO,25,643,1,accesso interno,339,parrocchia,somministrazione,Assente,al banco,70.0,True,False,False,False,False,False,False,False,False,False,False,False,False,False,False,True,False,False,False,False,other,False
Non specificata,VIA,ABBIATI FILIPPO,7,6556,7,accesso interno,253,Non specificato,somministrazione,Assente,al banco,59.0,True,False,False,False,False,False,False,False,False,False,False,False,False,False,False,True,False,False,False,False,other,False
Non specificata,VIA,ANDREOLI DON GIUSEPPE,18,1467,9,accesso interno,0,Non specificato,somministrazione,Assente,al banco,38.0,True,False,False,False,False,False,False,False,False,False,False,False,False,False,False,True,False,False,False,False,other,False
Non specificata,VIA,BERRA DOMENICO,11,2526,2,accesso interno,246,ass. il circolino,somministrazione,Assente,al banco,347.0,True,False,False,False,False,False,False,False,False,False,False,False,False,False,False,True,False,False,False,False,other,False
Non specificata,VIA,BODONI GIAMBATTISTA,3,7261,8,accesso esterno,298,circolo arci l'impegno,somministrazione,Assente,al banco,58.0,True,False,False,False,False,False,False,False,False,False,False,False,False,False,False,True,False,False,False,False,other,False
Non specificata,VIA,BONFADINI ROMUALDO,111,3341,4,accesso interno,110,circolo endas sporting,somministrazione,Assente,misto,143.0,True,False,False,False,False,False,False,False,False,False,False,False,False,False,False,True,False,False,False,False,other,False
Non specificata,VIA,BONFADINI ROMUALDO,148,3341,4,accesso interno,137,Non specificato,somministrazione,Assente,self service,84.0,True,False,False,False,False,False,False,False,False,False,False,False,False,False,False,True,False,False,False,False,other,False
Non specificata,VIA,BRUSUGLIO,026,1550,9,accesso interno,54,gruppo sportivo lombardina,somministrazione,Assente,self service,38.0,True,False,False,False,False,False,False,False,False,False,False,False,False,False,False,True,False,False,False,False,horeca,False
Non specificata,VIA,CAPECELATRO ALFONSO,68,6575,7,accesso interno,237,ss alcione calcio,somministrazione,Assente,al banco,5.0,True,False,False,False,False,False,False,False,False,False,False,False,False,False,False,True,False,False,False,False,other,False
int. buzzi,VIA,CASTELVETRO LODOVICO,32,7195,8,accesso interno,33,Non specificato,somministrazione,Assente,al banco,111.0,True,False,False,False,False,False,False,False,False,False,False,False,False,False,False,True,False,False,False,False,other,False
Non specificata,VIA,COLONNA MARCO ANTONIO,1,7158,8,accesso interno,347,circolo acli leone xiii,somministrazione,Assente,al banco,50.0,True,False,False,False,False,False,False,False,False,False,False,False,False,False,False,True,False,False,False,False,other,False
Non specificata,VIA,COMASINA,115,1573,9,accesso interno,1,Non specificato,somministrazione,Assente,al banco,8.0,True,False,False,False,False,False,False,False,False,False,False,False,False,False,False,True,False,False,False,False,other,False
Non specificata,VIA,CORELLI ARCANGELO,176,3243,3,accesso interno,24,Non specificato,somministrazione,Assente,al banco,330.0,True,False,False,False,False,False,False,False,False,False,False,False,False,False,False,True,False,False,False,False,other,False
Non specificata,VIA,CUNEO,2,6281,7,accesso interno,0,Non specificato,somministrazione,Assente,al banco,75.0,True,False,False,False,False,False,False,False,False,False,False,False,False,False,False,True,False,False,False,False,other,False
Non specificata,VIA,DE AMICIS EDMONDO,2,574,1,accesso interno,213,ass. cult. centro giovani,somministrazione,Assente,al banco,70.0,True,False,False,False,False,False,False,False,False,False,False,False,False,False,False,True,False,False,False,False,other,False
Non specificata,VIA,DEGLI OLIVETANI,3,6220,1,accesso interno,225,bar parrochhiale,somministrazione,Assente,al banco,220.0,True,False,False,False,False,False,False,False,False,False,False,False,False,False,False,True,False,False,False,False,horeca,False
Non specificata,VIA,DEI VALTORTA,2,2324,2,accesso interno,0,Non specificato,somministrazione,Assente,al banco,230.0,True,False,False,False,False,False,False,False,False,False,False,False,False,False,False,True,False,False,False,False,other,False
autogrill,VIA,DELLA CASA GIOVANNI,15,7433,8,accesso interno,224,Non specificato,somministrazione,Assente,al banco,115.0,True,False,False,False,False,False,False,False,False,False,False,False,False,False,False,True,False,False,False,False,other,False
Non specificata,VIA,GIOIA MELCHIORRE,48,1108,2,accesso interno,240,Non specificato,somministrazione,Assente,al banco,53.0,True,False,False,False,False,False,False,False,False,False,False,False,False,False,False,True,False,False,False,False,other,False
Non specificata,VIA,GRASSI GIOVANNI BATTISTA,15,7465,8,accesso interno,88,bar cral de medici,somministrazione,Assente,al banco,54.0,True,False,False,False,False,False,False,False,False,False,False,False,False,False,False,True,False,False,False,False,horeca,False
Non specificata,VIA,JOMMELLI NICCOLO',4,2426,3,accesso interno,32,parrocchia,somministrazione,Assente,al banco,47.0,True,False,False,False,False,False,False,False,False,False,False,False,False,False,False,True,False,False,False,False,other,False
Non specificata,VIA,MARCELLO BENEDETTO,83,2128,3,accesso interno,42,Non specificato,somministrazione,Assente,misto,22.0,True,False,False,False,False,False,False,False,False,False,False,False,False,False,False,True,False,False,False,False,other,False
Non specificata,VIA,MESSINA,35,7211,8,accesso interno,38,Non specificato,somministrazione,Assente,misto,84.0,True,False,False,False,False,False,False,False,False,False,False,False,False,False,False,True,False,False,False,False,other,False
Non specificata,VIA,MOLINETTO,000,6730,7,accesso interno,22,Non specificato,somministrazione,Assente,al banco,24.0,True,False,False,False,False,False,False,False,False,False,False,False,False,False,False,True,False,False,False,False,other,False
Non specificata,VIA,NEERA ANNA,24,5326,5,accesso interno,43,circolo acli rigoldi,somministrazione,Assente,al banco,43.0,True,False,False,False,False,False,False,False,False,False,False,False,False,False,False,True,False,False,False,False,other,False
Non specificata,VIA,OVADA,22,5352,6,accesso interno,102,tennis club barona,somministrazione,Assente,al banco,60.0,True,False,False,False,False,False,False,False,False,False,False,False,False,False,False,True,False,False,False,False,horeca,False
Non specificata,VIA,PINDARO,23,2401,2,accesso interno,33,alexander's club,somministrazione,Assente,al banco,34.0,True,False,False,False,False,False,False,False,False,False,False,False,False,False,False,True,False,False,False,False,other,False
Non specificata,VIA,PITTERI RICCARDO,54,2674,3,accesso interno,140,parrocchia ss nome di mari,somministrazione,Assente,misto,53.0,True,False,False,False,False,False,False,False,False,False,False,False,False,False,False,True,False,False,False,False,other,False
Non specificata,VIA,PITTERI RICCARDO,83,2674,3,accesso esterno,127,Non specificato,somministrazione,Assente,misto,85.0,True,False,False,False,False,False,False,False,False,False,False,False,False,False,False,True,False,False,False,False,other,False
gran bar caffetteria,VIA,RICCARDI PADRE PLACIDO,6,2385,2,accesso interno,266,parrocchia s. giuseppe mor,somministrazione,Assente,al banco,116.0,True,False,False,False,False,False,False,False,False,False,False,False,False,False,False,True,False,False,False,False,horeca,False
Non specificata,VIA,SAN ROMANELLO,41,6481,7,accesso interno,17,centro ippico,somministrazione,Assente,al banco,27.0,True,False,False,False,False,False,False,False,False,False,False,False,False,False,False,True,False,False,False,False,other,False
Non specificata,VIA,SFORZA ASCANIO,15,5201,5,accesso interno,94,last blast club,somministrazione,Assente,al banco,72.0,True,False,False,False,False,False,False,False,False,False,False,False,False,False,False,True,False,False,False,False,other,False
Non specificata,VIA,SIMONETTA CICCO,11,5168,1,accesso interno,131,circolo chimera magazine,somministrazione,Assente,misto,43.0,True,False,False,False,False,False,False,False,False,False,False,False,False,False,False,True,False,False,False,False,other,False
Non specificata,VIA,TREVIGLIO,000,2472,2,accesso interno,163,Non specificato,somministrazione,Assente,al banco,35.0,True,False,False,False,False,False,False,False,False,False,False,False,False,False,False,True,False,False,False,False,other,False
Non specificata,VIA,VESPRI SICILIANI,55,5137,6,accesso interno,148,istituto suore orsoline,somministrazione,Assente,self service,100.0,True,False,False,False,False,False,False,False,False,False,False,False,False,False,False,True,False,False,False,False,other,False
Non specificata,VIALE,BEATRICE D'ESTE,30,4048,5,accesso interno,90,associazione piccolo slam,somministrazione,Assente,al banco,74.0,True,False,False,False,False,False,False,False,False,False,False,False,False,False,False,True,False,False,False,False,other,False
Non specificata,VIALE,BLIGNY,22,4045,5,accesso interno,102,circolo fornaroli,somministrazione,Assente,al banco,158.0,True,False,False,False,False,False,False,False,False,False,False,False,False,False,False,True,False,False,False,False,other,False
Non specificata,VIALE,BLIGNY,023,4045,5,accesso interno,89,Non specificato,somministrazione,Assente,al banco,100.0,True,False,False,False,False,False,False,False,False,False,False,False,False,False,False,True,False,False,False,False,other,False
Non specificata,VIALE,TORELLI LUIGI,6,1232,9,accesso interno,0,Non specificato,somministrazione,Assente,al banco,28.0,True,False,False,False,False,False,False,False,False,False,False,False,False,False,False,True,False,False,False,False,other,False
Non specificata,VIALE,TUNISIA,6,2121,3,accesso interno,106,Non specificato,somministrazione,Assente,al banco,9.0,True,False,False,False,False,False,False,False,False,False,False,False,False,False,False,True,False,False,False,False,other,False
bar interno parrocchia,VIA,MANDURIA,90,5400,5,area aperta recintata,114,parrocchia s. pietro,somministrazione,minuto,misto,170.0,True,False,False,False,False,False,False,False,False,False,False,False,False,False,False,True,False,False,False,False,horeca,False
centro sport. san romano,VIA,FALCK ENRICO,4,7438,8,accesso interno,14,Non specificato,somministrazione,Assente,al banco,70.0,True,False,False,False,False,False,False,False,False,False,False,False,False,False,False,True,False,False,False,False,other,False
circ. cult. arci  mondini,VIA,ROGOREDO,41,4373,4,accesso esterno,86,Non specificato,somministrazione,Assente,al banco,87.0,True,False,False,False,False,False,False,False,False,False,False,False,False,False,False,True,False,False,False,False,other,False
circ.culturale x line,VIA,SAMMARTINI GIOVANNI BATTISTA,023,1202,2,accesso interno,0,Non specificato,somministrazione,Assente,al banco,120.0,True,False,False,False,False,False,False,False,False,False,False,False,False,False,False,True,False,False,False,False,other,False
circolo priv. argos club,VIA,RESEGONE,1,1228,9,accesso esterno,98,Non specificato,somministrazione,Assente,misto,110.0,True,False,False,False,False,False,False,False,False,False,False,False,False,False,False,True,False,False,False,False,other,False
parrocchia s. maria buon,VIA,VARE' GIOVANNI BATTISTA,15,1245,9,area aperta recintata,27,Non specificato,somministrazione,Assente,al banco,80.0,True,False,False,False,False,False,False,False,False,False,False,False,False,False,False,True,False,False,False,False,other,False
scuola politecnica design,VIA,VENTURA GIOVANNI,15,2668,3,accesso interno,109,scuola politecnica di desi,somministrazione,Assente,al banco,143.0,True,True,False,False,False,True,False,True,False,False,False,False,False,False,False,True,False,False,False,False,school,True
Non specificata,VIA,GOVONE GIUSEPPE,23,7222,8,accesso interno,13,Non specificato,somministrazione,Assente,misto,92.0,True,False,False,False,False,True,False,False,False,False,False,False,False,False,False,True,False,False,False,False,other,False
Non specificata,VIALE,ZARA,9,1170,9,accesso interno,216,Non specificato,somministrazione,Assente,al banco,79.0,True,False,False,False,False,True,False,False,False,False,False,False,False,False,False,True,False,False,False,False,other,False
Non specificata,VIALE,SABOTINO,16,4046,5,accesso interno,0,Non specificato,somministrazione,Assente,al banco,85.0,True,False,False,False,False,True,False,True,False,False,False,False,False,False,False,True,False,False,False,False,other,False
Non specificata,VIA,PARENZO,002,5367,6,accesso interno,0,Non specificato,somministrazione,Assente,al banco,83.0,True,False,False,False,False,False,False,True,False,False,False,False,False,False,False,True,False,False,False,False,other,False
magazzini generali,VIA,PIETRASANTA,14,4227,5,accesso interno,2,Non specificato,somministrazione,Assente,al banco,97.0,True,False,False,False,False,False,False,True,False,False,False,False,False,False,False,True,False,False,False,False,other,False
bar int.teatro dal verme,VIA,S. GIOV. SUL MURO,2,609,1,accesso interno,0,Non specificato,somministrazione,Assente,al banco,40.0,True,False,False,False,False,False,False,True,False,False,False,False,False,False,False,True,False,False,False,False,horeca,False
bar tabacchi,VIA,DIONE CASSIO,8,3360,4,accesso interno,0,Non specificato,somministrazione,Assente,al banco,106.0,True,False,False,False,False,False,False,True,False,False,False,False,False,False,False,True,False,False,False,False,horeca,False
la croissanterie,VIA,QUARENGHI GIACOMO,23,7478,8,accesso interno,300,Non specificato,somministrazione,Assente,al banco,26.0,True,True,False,False,False,False,False,True,False,False,False,False,False,False,False,True,False,False,False,False,other,False
bar del corso,VIA,QUARENGHI GIACOMO,23,7478,8,accesso interno,300,Non specificato,somministrazione,Assente,misto,72.0,True,True,False,False,False,False,False,True,False,False,False,True,False,False,False,True,False,False,False,False,horeca,False
Non specificata,VIA,ZUMBINI BONAVENTURA,19,5302,6,accesso esterno,48,parrocchia ss. nazaro e ce,somministrazione,Assente,al banco,74.0,True,False,False,False,False,False,False,True,False,False,False,False,False,False,True,True,False,False,False,False,other,False
Non specificata,PIAZZA,PREALPI,2,7300,8,accesso interno,276,Non specificato,somministrazione,Assente,misto,72.0,True,False,False,False,False,False,False,True,True,False,False,False,False,False,False,True,False,False,False,False,other,False
bar int. societa sportiva,VIA,GIORGI FERDINANDO,10,6743,8,accesso esterno,44,circolo aics viscontini,somministrazione,minuto,misto,28.0,True,False,False,False,False,False,False,False,False,False,False,False,False,False,False,True,False,False,False,False,horeca,False
Non specificata,VIA,DELLA POSTA,4,629,1,accesso interno,408,poste italiane,somministrazione,Assente,self service,168.0,True,False,False,False,False,False,False,False,False,True,False,False,False,False,True,True,False,False,False,False,other,False
Non specificata,VIA,MINCIO,13,4157,4,accesso interno,50,Non specificato,somministrazione,Assente,al banco,30.0,True,False,False,False,False,False,False,False,False,False,False,False,False,False,False,True,False,False,False,False,other,False
Non specificata,VIA,RUCELLAI BERNARDO,12,2345,2,accesso esterno,69,Non specificato,somministrazione,minuto,al banco,300.0,True,False,False,False,False,False,False,False,False,False,False,False,False,False,False,False,False,False,False,True,other,False
Non specificata,VIA,SIUSI,7,2393,3,accesso esterno,50,Non specificato,somministrazione,Assente,self service,80.0,True,False,False,False,False,False,False,False,False,False,False,False,False,False,False,False,False,False,False,True,other,False
Non specificata,VIA,VISCONTINI MATILDE,7,6749,8,accesso interno,0,Non specificato,somministrazione,Assente,misto,136.0,False,True,False,False,False,False,False,False,False,False,False,False,False,False,False,False,False,False,False,False,other,False
mensa c/ o telecom italia,VIALE,REGINA GIOVANNA,27,2157,3,accesso interno,0,Non specificato,somministrazione,Assente,misto,123.0,False,True,False,False,False,False,False,False,False,False,False,False,False,False,False,False,False,False,False,False,other,False
Non specificata,VIALE,ZARA,96,1170,2,accesso interno,0,Non specificato,somministrazione,Assente,misto,110.0,False,True,False,False,False,False,False,False,False,False,False,False,False,False,False,False,False,False,False,False,other,False
Non specificata,PIAZZALE,MACIACHINI CARLO,000,1361,9,accesso interno,0,Non specificato,somministrazione,Assente,misto,53.0,False,True,False,False,False,False,False,False,False,False,False,False,False,False,False,False,False,False,False,False,other,False
Non specificata,PIAZZA,DUCA D'AOSTA,000,1200,2,accesso interno,0,Non specificato,somministrazione,Assente,misto,84.0,False,True,False,False,False,False,False,False,False,False,False,False,False,False,False,False,False,False,False,False,other,False
tobia cafe,VIA,COLLETTA PIETRO,000,4078,4,accesso interno,0,centro co,somministrazione,Assente,misto,58.0,False,True,False,False,False,False,False,False,False,False,False,False,False,False,False,False,False,False,False,False,other,False
Non specificata,VIA,CORRENTI CESARE,10,555,1,accesso interno,0,Non specificato,somministrazione,Assente,misto,51.0,False,True,False,False,False,False,False,False,False,False,False,False,False,False,False,False,False,False,False,False,other,False
Non specificata,VIA,MEUCCI ANTONIO,83,2497,2,accesso interno,0,Non specificato,somministrazione,Assente,misto,74.0,False,True,False,False,False,False,False,False,False,False,False,False,False,False,False,False,False,False,False,False,other,False
Non specificata,VIA,NOVARA,286,6624,7,accesso interno,0,Non specificato,somministrazione,Assente,misto,93.0,False,True,False,False,False,False,False,False,False,False,False,False,False,False,False,False,False,False,False,False,other,False
Non specificata,VIALE,MONZA,54,2274,2,accesso interno,324,mercat,somministrazione,Assente,misto,22.0,False,True,False,False,False,False,False,False,False,False,False,False,False,False,False,False,False,False,False,False,other,False
avenance italia spa,VIA,VENEZIA GIULIA,005,7500,8,accesso interno,81,avenance italia s.p.a.,somministrazione,Assente,misto,84.0,False,True,False,False,False,False,False,False,False,False,False,False,False,False,False,False,False,False,False,False,company,False
bar rizza,VIA,MONTEGANI LODOVICO,33,5330,5,accesso esterno,36,Non specificato,somministrazione,Assente,misto,15.0,False,True,False,False,False,False,False,False,False,False,False,False,False,False,False,False,False,False,False,False,horeca,False
i.t.c.s. pietro verri,VIA,LATTANZIO,38,4091,4,accesso interno,145,i.t.c. verri,somministrazione,Assente,al banco,35.0,False,True,False,False,False,False,False,False,False,False,False,False,False,False,False,False,False,False,False,False,other,False
Non specificata,VIA,BELLI GIOVACCHINO,14,2508,2,accesso interno,0,cinevideostudio - studi tv,somministrazione,Assente,al banco,133.0,True,True,False,False,False,False,False,False,False,False,False,False,False,False,False,False,False,False,False,False,other,False
c/o i.p.s.s.c.t.,CORSO,DI PORTA ROMANA,110,402,1,accesso interno,118,i.p.s.s.c.t. l.v. bertarel,somministrazione,Assente,al banco,32.0,True,True,False,False,False,False,False,False,False,False,False,False,False,False,False,False,False,False,False,False,other,False
c/o universita cattolica,LARGO,GEMELLI FRA' AGOSTINO,1,651,1,accesso interno,338,univ.cattolica sacro cuore,somministrazione,Assente,al banco,122.0,True,True,False,False,False,False,False,False,False,False,False,False,False,False,False,False,False,False,False,False,school,True
int.conservatorio g.verdi,VIA,CONSERVATORIO,12,3031,1,accesso interno,102,conservatorio g.verdi,somministrazione,Assente,al banco,110.0,True,True,False,False,False,False,False,False,False,False,False,False,False,False,False,False,False,False,False,False,other,False
caffe metro venezia,VIA,PARUTA PAOLO,32,2363,2,accesso interno,208,circolo arci e.curiel,somministrazione,Assente,al banco,107.0,True,True,False,False,False,False,False,False,False,False,False,False,False,False,False,False,False,False,False,False,horeca,False
mondolibri spa,VIA,LAMPEDUSA,13,5329,5,accesso interno,0,Non specificato,somministrazione,Assente,al banco,86.0,True,True,False,False,False,True,False,True,False,False,False,False,False,False,False,True,False,False,False,False,other,False
Non specificata,VIA,MENABREA LUIGI FEDERICO,18,1322,9,accesso interno,0,Non specificato,somministrazione,Assente,al banco,93.0,True,True,False,False,False,True,False,True,False,False,False,False,False,False,False,True,False,False,False,False,other,False
bar c/o distributore carb,VIALE,ISONZO,38,4211,5,accesso esterno,0,distr.carb,somministrazione,Assente,al banco,46.0,True,True,False,False,False,False,False,True,False,False,False,False,False,False,False,True,False,False,False,False,horeca,False
Non specificata,VIA,LORENTEGGIO,219,5132,6,accesso interno,0,Non specificato,somministrazione,Assente,al banco,229.0,True,True,False,False,False,True,False,True,False,False,False,False,False,False,False,True,False,False,False,False,other,False
casadicuras.raffaeleturro,VIA,PRINETTI LUIGI,29,2329,2,accesso interno,260,casa di cura san raffaele,somministrazione,Assente,self service,127.0,True,True,False,False,False,False,False,False,False,True,False,False,False,False,True,False,True,False,True,False,hospital,True
univers.bicocca palaz.u6,PIAZZA,DELL'ATENEO NUOVO,1,1740,9,accesso interno,0,univ.degli studi di milano,somministrazione,Assente,self service,246.0,True,True,False,False,False,False,False,False,False,True,False,False,False,False,True,False,True,False,True,False,other,False
c/0istituto zappa cremona,VIALE,MARCHE,71,1360,9,accesso interno,162,i.t.c. zappa,somministrazione,Assente,al banco,132.0,True,True,False,False,False,False,False,True,False,False,False,False,False,False,False,True,False,False,False,False,other,False
immobil.automobile club m,CORSO,VENEZIA,43,238,1,accesso interno,95,automobile club milano,somministrazione,Assente,al banco,78.0,True,True,False,False,False,False,False,True,False,False,False,False,False,False,False,True,False,False,False,False,other,False
c/o polo univers.bovisa,VIA,DURANDO GIOVANNI,10,1466,9,accesso interno,15,polo universitario,somministrazione,Assente,al banco,158.0,True,True,False,False,False,False,False,True,False,False,False,True,False,False,False,True,False,False,False,False,school,True
Non specificata,VIA,DEI PICCOLOMINI,4,6513,7,area aperta recintata,0,Non specificato,somministrazione,Assente,al banco,30.0,True,True,False,False,False,True,False,True,False,False,False,False,False,False,False,True,False,False,False,False,other,False
Non specificata,VIA,DOGANA,2,341,1,accesso interno,0,Non specificato,somministrazione,Assente,al banco,165.0,True,True,False,False,False,True,False,True,False,False,False,False,False,False,False,True,False,False,False,False,other,False
int.tiempo nord spa.,VIA,GIOVANNI DA UDINE,34,7408,8,accesso interno,192,tiempo nord s.p.a.,somministrazione,Assente,self service,94.0,True,True,False,False,False,True,False,True,False,False,False,False,False,False,False,True,False,False,False,False,company,False
bar int.scalo fer.farini,VIA,VALTELLINA,005,1188,9,accesso interno,106,Non specificato,somministrazione,Assente,al banco,23.0,True,True,False,False,False,False,False,True,False,False,False,False,False,False,False,False,False,False,False,False,horeca,False
cafe nord,PIAZZALE,CADORNA LUIGI,14,601,1,accesso esterno,164,Non specificato,somministrazione,Assente,al banco,42.0,True,True,False,False,False,True,False,True,False,False,False,False,False,False,False,True,False,False,False,False,other,False
cindy bar,VIA,SISMONDI GIANCARLO,8,3256,4,accesso interno,0,Non specificato,somministrazione,Assente,al banco,80.0,True,True,False,False,False,False,False,True,False,False,False,False,False,False,False,True,False,False,False,False,horeca,False
Non specificata,VIA,DEGLI ARCIMBOLDI,S.N.C.,522,1,accesso interno,0,Non specificato,somministrazione,Assente,al banco,164.0,True,True,False,False,False,False,False,True,False,False,False,True,False,False,False,True,False,False,False,False,other,False
mc donald s (esso),VIALE,RUBICONE,29,1568,9,accesso esterno,8,Non specificato,somministrazione,Assente,al banco,195.0,True,True,False,False,False,False,False,True,False,False,False,False,False,False,True,True,True,False,True,False,other,False
bar int.ospedale s.carlo,VIA,PIO II,3,6832,7,accesso interno,99,ospedale san carlo,somministrazione,Assente,al banco,137.0,True,True,False,False,False,False,False,True,False,False,False,False,False,False,False,True,False,False,False,False,hospital,True
in.ist.pio albergo trivul,VIA,FORNARI PASQUALE,19,6592,7,accesso interno,14,pio albergo trivulzio,somministrazione,Assente,al banco,60.0,True,False,False,False,False,False,False,False,False,False,False,False,False,False,False,True,False,False,False,False,other,False
int.istituto g.pareto,VIA,LITTA MODIGNANI ALESSANDRO,55,1539,9,accesso interno,76,i.t.c. pareto,somministrazione,Assente,al banco,30.0,True,False,False,False,False,False,False,True,False,False,False,False,False,False,False,True,False,False,False,False,other,False
antica gelateria veneta,VIA,QUARENGHI GIACOMO,23,7478,8,accesso interno,300,Non specificato,somministrazione,Assente,al banco,46.0,False,False,False,False,False,False,False,False,False,False,False,False,False,False,False,False,False,False,False,False,other,False
Non specificata,VIA,MARATTA CARLO,3,6559,7,accesso esterno,249,circolo arcinova metromond,somministrazione,Assente,al banco,90.0,True,False,True,False,False,False,False,False,False,False,False,False,False,False,False,False,False,False,False,False,other,False
Non specificata,VIALE,MONZA,255,2274,2,accesso interno,97,assoc. dei sammarinesi,somministrazione,Assente,misto,202.0,True,False,True,True,False,False,False,False,False,False,False,False,False,False,True,True,False,False,False,False,other,False
Non specificata,VIA,BASSINI EDOARDO,26,2587,3,accesso interno,102,cral avis,somministrazione,Assente,al banco,72.0,True,False,True,False,True,False,False,False,False,False,False,False,False,False,False,False,False,False,False,False,other,False
Non specificata,VIA,SAN CRISTOFORO,1,5141,6,accesso interno,2,parrocchia s. cristoforo,somministrazione,Assente,al banco,30.0,True,False,True,True,True,False,False,False,False,False,False,False,False,False,False,True,False,False,False,False,other,False
Non specificata,VIA,AMEDEI,002,529,1,accesso interno,478,bar circolo sport. inter,somministrazione,minuto,misto,53.0,True,False,True,False,True,False,False,False,False,False,False,False,False,False,False,False,False,False,False,False,horeca,False
Non specificata,VIA,FERABOLI ACHILLE,27,5421,5,accesso interno,90,parrocchia s. barnaba,somministrazione,Assente,al banco,135.0,True,False,True,False,True,False,False,False,False,False,False,False,False,False,False,True,False,False,False,False,horeca,False
Non specificata,VIA,ERITREA,2,7454,8,accesso interno,131,circolo enal fina club,somministrazione,Assente,self service,125.0,True,False,True,True,True,True,False,False,False,False,False,False,False,False,False,False,False,False,False,False,other,False
Non specificata,VIA,CAGLIERO GIOVANNI,26,1407,2,accesso interno,110,circolo or.pa.s.,somministrazione,Assente,al banco,71.0,True,False,True,True,True,False,False,False,False,False,False,False,False,False,False,True,False,False,False,False,other,False
Non specificata,VIA,PELLICO SILVIO,6,103,1,accesso interno,471,circolo arbitri,somministrazione,Assente,al banco,17.0,True,False,True,True,True,False,False,False,False,False,False,False,False,False,False,False,False,False,False,False,other,False
Non specificata,VIA,TESIO FEDERICO,15,6471,7,accesso esterno,118,Non specificato,somministrazione,Assente,misto,96.0,True,False,True,True,True,True,False,False,False,False,False,False,False,False,False,False,False,False,False,False,other,False
Non specificata,VIA,SANT' UGUZZONE,24,2448,2,accesso interno,13,assoc. vialla s. giovanni,somministrazione,Assente,al banco,74.0,True,False,True,True,True,False,False,False,False,False,False,False,False,False,False,True,False,False,False,False,other,False
Non specificata,VIA,LATTANZIO,58,4091,4,accesso interno,122,parrocchia,somministrazione,Assente,misto,60.0,True,False,False,True,True,False,False,False,False,False,False,False,False,False,False,False,False,False,False,False,other,False
Non specificata,VIA,TOFANE,19,1414,2,accesso esterno,175,circolo arci martesana,somministrazione,Assente,al tavolo,195.0,True,False,True,True,True,False,False,False,False,False,False,False,False,False,True,False,False,False,False,False,other,False
Non specificata,VIALE,TOSCANA,28,4210,5,accesso interno,140,cral allende,somministrazione,Assente,al banco,300.0,True,False,True,True,True,False,False,False,False,False,False,False,False,False,False,True,False,False,False,False,other,False
Non specificata,VIA,MECENATE,25,3323,4,accesso interno,78,circolo arci,somministrazione,Assente,al banco,30.0,True,False,False,False,True,False,False,False,False,False,False,False,False,False,False,False,False,False,False,False,other,False
Non specificata,VIA,PAOLO DA CANNOBIO,5,338,1,accesso esterno,392,diving club del sole,somministrazione,Assente,misto,85.0,True,False,False,False,True,False,False,False,False,False,False,False,False,False,False,False,False,False,False,False,other,False
Non specificata,VIA,LARIO,39,1171,9,accesso interno,162,circolo familiare lario,somministrazione,Assente,al banco,84.0,True,False,True,False,True,False,False,False,False,False,False,False,False,False,False,False,False,False,False,False,other,False
Non specificata,VIA,GABBRO,2,1674,9,accesso interno,140,Non specificato,somministrazione,Assente,al banco,200.0,True,False,False,True,True,False,False,False,False,False,False,False,False,False,False,False,False,False,False,False,other,False
Non specificata,PORTA,BOSSI MAURILIO,3,116,1,accesso interno,367,cral tamoil,somministrazione,Assente,al banco,51.0,True,False,True,True,True,True,False,False,False,False,False,False,False,False,False,True,False,False,False,False,other,False
c/o polisportiva s. leon,VIA,CILEA FRANCESCO,071,7526,8,accesso interno,13,polisportiva s. leonardo,somministrazione,Assente,misto,74.0,True,False,False,False,True,False,False,False,False,False,False,False,False,False,False,True,False,False,False,False,other,False
Non specificata,PIAZZA,SAN LUIGI,5,4145,4,accesso interno,20,circolo aics il progresso,somministrazione,Assente,misto,130.0,True,False,True,False,True,False,False,False,False,False,False,False,False,False,False,False,False,False,False,False,other,False
circolo arci  itaca,VIA,CAPUANA LUIGI,7,7407,8,accesso esterno,48,circolo arci itaca,somministrazione,minuto,al banco,49.0,True,False,True,False,True,False,False,False,False,False,False,False,False,False,False,False,False,False,False,False,other,False
Non specificata,VIALE,LANCETTI VINCENZO,20,1221,9,accesso interno,99,circolo f.lli branca,somministrazione,Assente,al banco,47.0,True,False,True,True,True,False,False,False,False,False,False,False,False,False,False,False,False,False,False,False,other,False
Non specificata,VIA,DEL TAMIGI,7,1680,9,accesso interno,43,circolo aics,somministrazione,Assente,al banco,75.0,True,False,True,True,True,False,False,False,False,False,False,False,False,False,False,False,False,False,False,False,other,False
Non specificata,VIA,BORDIGHERA,46,5265,5,accesso interno,55,circolo parrocchiale,somministrazione,Assente,al banco,74.0,True,False,True,True,True,False,False,False,False,False,False,False,False,False,False,True,False,False,False,False,other,False
Non specificata,VIA,ROVETTA GEROLAMO,14,2333,2,accesso interno,272,circolo arci martiri turro,somministrazione,Assente,al banco,83.0,True,False,True,False,True,True,False,False,False,False,False,False,False,False,False,True,False,False,False,False,other,False
Non specificata,VIA,PAREA CARLO,10,3344,4,accesso interno,124,circolo acli ponte lambro,somministrazione,Assente,al banco,44.0,True,False,True,True,True,False,False,False,False,False,False,False,False,False,False,False,False,False,False,False,other,False
Non specificata,VIA,BETTI UGO,161,7517,8,accesso esterno,46,circolo arci gallaratese,somministrazione,Assente,al banco,82.0,True,False,False,True,True,False,False,False,False,False,False,False,False,False,False,True,False,False,False,False,other,False
Non specificata,VIA,SAN PAOLINO,20,5425,6,accesso esterno,101,Non specificato,somministrazione,Assente,misto,160.0,True,False,True,True,True,False,False,False,False,False,False,False,False,False,False,True,False,False,False,False,other,False
Non specificata,VIA,SANTA MONICA,4,1448,9,accesso interno,96,bar monopolio di stato,somministrazione,Assente,misto,60.0,True,False,True,True,True,False,False,False,False,False,False,False,False,False,False,False,False,False,False,False,horeca,False
Non specificata,VIA,DE AMICIS EDMONDO,34,574,1,accesso interno,278,Non specificato,somministrazione,Assente,al banco,194.0,True,False,False,False,True,True,False,False,False,False,False,False,False,False,False,True,False,False,False,False,other,False
Non specificata,VIA,CHOPIN FEDERICO,81,4297,5,accesso interno,189,circolo sportivo fatima,somministrazione,Assente,misto,42.0,True,False,False,True,True,False,False,False,False,False,False,False,False,False,False,True,False,False,False,False,other,False
Non specificata,VIALE,UMBRIA,120,3145,4,accesso esterno,260,Non specificato,somministrazione,Assente,al banco,295.0,True,False,True,True,True,False,True,False,False,False,False,False,False,False,False,False,False,False,False,False,other,False
Non specificata,VIA,SANT' ABBONDIO,10,5315,5,accesso interno,71,circolo carlo porta,somministrazione,minuto,misto,70.0,True,False,True,False,True,False,False,False,False,False,False,False,False,False,False,True,False,False,False,False,other,False
Non specificata,VIA,GOLDONI CARLO,75,3183,3,accesso interno,179,parrocchia s. croce,somministrazione,Assente,al banco,37.0,True,False,False,False,True,False,False,False,False,False,False,False,False,False,False,True,False,False,False,False,other,False
Non specificata,VIA,FELTRE,100,2652,3,accesso interno,84,Non specificato,somministrazione,Assente,al banco,165.0,True,False,False,False,False,True,False,False,False,False,False,False,False,False,False,False,False,False,False,False,other,False
Non specificata,VIA,GARIAN,49,6119,6,accesso interno,0,Non specificato,somministrazione,Assente,al banco,15.0,True,False,False,False,False,True,False,False,False,False,False,False,False,False,False,False,False,False,False,False,other,False
Non specificata,VIA,BOCCHETTO,015,569,1,accesso interno,432,club privato orologio,somministrazione,Assente,misto,290.0,True,False,False,False,False,True,False,False,False,False,False,False,False,False,False,False,False,False,False,False,other,False
Non specificata,VIA,DUPRE' GIOVANNI,19,7252,8,accesso interno,291,parrocchia,somministrazione,Assente,al banco,63.0,True,False,False,False,False,True,False,False,False,False,False,False,False,False,False,False,False,False,False,False,other,False
Non specificata,VIA,LANZONE,29,554,1,accesso interno,278,club nerazzurro,somministrazione,Assente,misto,47.0,True,False,True,False,True,True,False,False,False,False,False,False,False,False,False,False,False,False,False,False,other,False
Non specificata,CORSO,COLOMBO CRISTOFORO,13,5114,6,accesso interno,52,Non specificato,somministrazione,Assente,al banco,83.0,True,True,False,False,False,True,False,False,True,False,False,False,False,False,False,False,False,False,False,False,other,False
Non specificata,VIA,MONVISO,010,7212,8,accesso interno,0,Non specificato,somministrazione,Assente,al banco,83.0,True,False,False,False,False,True,False,False,False,False,False,False,False,False,False,False,False,False,False,False,other,False
Non specificata,VIA,PORDENONE,8,2650,3,accesso interno,0,Non specificato,somministrazione,Assente,al banco,83.0,True,False,False,False,False,True,False,False,False,False,False,False,False,False,False,False,False,False,False,False,other,False
Non specificata,VIALE,MONZA,106,2274,2,accesso interno,0,Non specificato,somministrazione,Assente,al banco,83.0,True,False,False,False,False,True,False,False,False,False,False,False,False,False,False,False,False,False,False,False,other,False
bar caffe,VIA,CASATI FELICE,45,2122,2,accesso interno,0,Non specificato,somministrazione,Assente,al banco,89.0,True,False,False,False,False,True,False,True,False,False,False,False,False,False,False,True,False,False,False,False,horeca,False
Non specificata,VIA,SPALLANZANI LAZZARO,10,2153,3,accesso esterno,143,Non specificato,somministrazione,Assente,misto,350.0,True,False,False,False,False,True,False,True,False,False,False,False,False,False,False,False,False,False,False,False,other,False
c/o istit.super.interpret,VIA,VISCONTI ALEX,18,7529,8,accesso interno,3,i.s.i.t.,somministrazione,Assente,al banco,87.0,True,False,False,False,False,True,False,True,False,False,False,False,False,False,False,True,False,False,False,False,other,False
Non specificata,VIA,BOTTA CARLO,18,4069,4,accesso interno,158,Non specificato,somministrazione,Assente,al banco,18.0,True,False,False,False,False,True,False,False,False,False,False,False,False,False,False,True,False,False,False,False,other,False
Non specificata,VIA,ROSELLINI IPPOLITO,1,1158,9,accesso interno,0,Non specificato,somministrazione,Assente,al banco,172.0,True,False,False,False,False,True,False,False,False,False,False,False,False,False,False,True,False,False,False,False,other,False
Non specificata,VIA,SIMONETTA CICCO,16,5168,1,accesso interno,132,Non specificato,somministrazione,Assente,al banco,70.0,True,False,False,False,False,True,False,False,False,False,False,False,False,False,False,True,False,False,False,False,other,False
bar int.istituto tumori,VIA,VENEZIAN GIACOMO,1,2227,3,accesso interno,122,istituto nazionale dei tum,somministrazione,Assente,al banco,35.0,True,False,False,False,False,True,False,True,False,False,False,False,False,False,False,True,False,False,False,False,hospital,False
bar int.m.c.c.,VIA,F.LLI ANTONA TRAVERSI,19,7354,8,accesso interno,60,Non specificato,somministrazione,Assente,al banco,17.0,True,False,False,False,False,True,False,True,False,False,False,False,False,False,False,True,False,False,False,False,horeca,False
bar,VIA,ORNATO LUIGI,110,1591,9,accesso interno,0,Non specificato,somministrazione,Assente,al banco,72.0,True,True,False,False,False,True,False,True,False,False,False,False,False,False,False,True,False,False,False,False,horeca,False
Non specificata,VIA,SAN PAOLINO,18,5425,6,accesso interno,0,Non specificato,somministrazione,Assente,al banco,36.0,True,True,False,False,False,True,False,True,False,False,False,False,False,False,False,True,False,False,False,False,other,False
bar caffe,GALLERIA,DEL CORSO,1,305,1,accesso interno,0,Non specificato,somministrazione,Assente,al banco,17.0,True,True,False,False,False,True,False,True,False,False,False,False,False,False,False,False,False,False,False,False,horeca,False
Non specificata,VIA,DE NICOLA ENRICO,3,5430,6,accesso interno,0,Non specificato,somministrazione,Assente,al banco,80.0,True,False,False,False,False,True,False,True,False,False,False,False,False,False,False,True,False,False,False,False,other,False
bar cairoli,VIA,GONZAGA MAURIZIO,5,344,1,accesso interno,0,Non specificato,somministrazione,Assente,al banco,63.0,True,True,False,False,False,True,False,True,False,False,False,False,False,False,False,False,False,False,False,False,horeca,False
atm deposito zara,VIALE,STELVIO,2,1227,9,accesso esterno,0,Non specificato,somministrazione,minuto,al banco,197.0,True,False,False,False,False,True,False,False,True,False,False,False,True,False,False,False,False,True,False,True,other,False
Non specificata,VIA,VICO GIAN BATTISTA,38,6219,1,accesso interno,142,Non specificato,somministrazione,Assente,al tavolo,135.0,True,False,False,False,False,True,False,True,False,False,False,False,False,False,True,False,False,False,False,False,other,False
camera del lavoro,CORSO,DI PORTA VITTORIA,43,3016,1,accesso interno,104,camera del lavoro,somministrazione,Assente,al banco,125.0,True,False,False,False,False,True,False,False,False,False,False,False,False,False,False,True,False,False,False,False,other,False
bar caffe,VIA,PIERO DELLA FRANCESCA,47,7188,8,accesso esterno,45,Non specificato,somministrazione,Assente,al banco,240.0,True,False,False,False,False,True,True,True,False,False,False,False,False,False,True,True,True,False,True,False,horeca,False
Non specificata,VIA,BELLAZZI FEDERICO,3,2596,2,accesso esterno,167,a.n.c.r. sez. crescenzago,somministrazione,Assente,misto,63.0,True,False,False,False,False,True,False,False,False,False,False,False,False,False,False,True,False,False,False,False,other,False
william s club le roi,VIA,MANZONI ALESSANDRO,40,230,1,accesso esterno,255,Non specificato,somministrazione,Assente,al tavolo,171.0,True,False,False,False,False,False,True,True,False,False,False,False,True,False,False,False,False,True,False,True,other,False
pussy cat,VIA,GONZAGA MAURIZIO,5,344,1,accesso esterno,423,Non specificato,somministrazione,Assente,misto,168.0,True,False,False,False,False,True,True,True,False,False,False,False,True,False,False,False,False,True,False,True,other,False
Non specificata,VIA,GENTILE GIOVANNI,3,7602,8,accesso interno,0,Non specificato,somministrazione,Assente,al banco,99.0,True,False,False,False,False,True,False,True,False,False,True,False,False,False,False,True,False,False,False,False,other,False
Non specificata,VIA,ANCONA,4,1023,1,accesso esterno,0,Non specificato,somministrazione,Assente,misto,137.0,True,False,False,False,False,False,True,False,False,False,False,False,True,False,False,False,False,True,False,True,other,False
sala da ballo,VIA,VARANINI LUIGI,2,2288,2,accesso esterno,322,Non specificato,somministrazione,Assente,al banco,200.0,True,False,False,False,False,False,True,True,False,False,False,False,False,False,False,False,False,False,False,False,other,False
Non specificata,CORSO,LODI,65,4068,4,accesso esterno,23,Non specificato,somministrazione,Assente,misto,80.0,True,False,False,False,False,False,True,True,False,False,False,False,False,False,False,False,False,False,False,False,other,False
Non specificata,VIA,GOLA EMILIO,4,5154,6,accesso esterno,0,Non specificato,somministrazione,Assente,al banco,98.0,False,False,False,False,False,False,True,True,False,False,False,False,False,False,False,False,False,False,False,False,other,False
discoteca el kimbara,VIA,MORGHEN RAFFAELLO,10,1462,9,accesso esterno,0,Non specificato,somministrazione,Assente,al banco,80.0,True,False,False,False,False,False,True,True,False,False,False,False,False,False,False,False,False,False,False,False,horeca,False
dolce vita,VIA,TURATI FILIPPO,29,1053,1,accesso esterno,89,Non specificato,somministrazione,Assente,misto,300.0,True,False,False,False,False,False,True,True,False,False,False,False,True,False,False,False,False,False,False,False,other,False
full down night club,VIA,LARGA,16,318,1,accesso esterno,392,Non specificato,somministrazione,Assente,misto,79.0,True,False,False,False,False,False,True,True,False,False,False,False,False,False,True,False,False,False,False,False,other,False
Non specificata,VIA,PROCACCINI GIULIO CESARE,32,7204,8,accesso interno,54,Non specificato,somministrazione,Assente,al banco,176.0,True,False,False,False,False,False,False,False,False,False,False,False,False,False,False,False,False,False,False,False,other,False
Non specificata,VIA,PADOVA,61,2275,2,accesso interno,314,circolo arci pelago,somministrazione,Assente,misto,41.0,True,False,False,False,False,False,False,False,False,False,False,False,False,False,False,False,False,False,False,False,other,False
Non specificata,VIA,RICCIARELLI DANIELE,12,6553,7,accesso interno,253,a.n.c.r. sez. s. siro,somministrazione,Assente,al banco,150.0,True,False,True,False,True,False,False,False,False,False,False,False,False,False,False,False,False,False,False,False,other,False
Non specificata,VIA,SAN PAOLINO,5,5425,6,accesso interno,103,Non specificato,somministrazione,Assente,al banco,95.0,True,False,False,False,False,False,False,True,False,False,False,False,False,False,False,False,False,False,False,False,other,False
Non specificata,VIA,SASSETTI FILIPPO,27,1157,9,accesso interno,295,mensa pp tt,somministrazione,Assente,self service,248.0,False,False,False,False,False,False,False,False,False,True,False,False,False,False,False,False,False,False,False,False,other,False
mensa int.hotel visconti,VIALE,ISONZO,14,4211,5,accesso interno,0,Non specificato,somministrazione,Assente,al banco,70.0,True,False,False,False,False,True,False,False,False,False,False,False,False,False,False,True,False,False,False,False,other,False
Non specificata,VIA,MARCO AURELIO,S.N.C.,2298,2,accesso interno,0,Non specificato,somministrazione,Assente,al banco,100.0,False,False,False,False,False,False,False,True,False,False,False,False,False,False,False,False,False,False,False,False,other,False
Non specificata,VIA,CAMERINO,2,1534,9,accesso interno,0,Non specificato,somministrazione,Assente,al banco,61.0,False,False,False,False,False,False,False,True,False,False,False,False,False,False,False,False,False,False,False,False,other,False
Non specificata,CORSO,DI PORTA NUOVA,19,1044,1,accesso interno,0,asilo nido inail,somministrazione,Assente,al banco,133.0,False,False,False,False,False,False,False,True,False,False,False,False,False,False,False,False,False,False,False,False,other,False
Non specificata,CORSO,GARIBALDI GIUSEPPE,68,1010,1,accesso interno,0,Non specificato,somministrazione,Assente,al banco,45.0,False,False,False,False,False,False,False,True,False,False,False,False,False,False,False,False,False,False,False,False,other,False
Non specificata,CORSO,INDIPENDENZA,20,3118,4,accesso interno,0,Non specificato,somministrazione,Assente,al banco,83.0,False,False,False,False,False,False,False,True,False,False,False,False,False,False,False,False,False,False,False,False,other,False
Non specificata,CORSO,ITALIA,16,526,1,accesso interno,0,asilo nido,somministrazione,Assente,al banco,83.0,False,False,False,False,False,False,False,True,False,False,False,False,False,False,False,False,False,False,False,False,other,False
Non specificata,CORSO,SAN GOTTARDO,28,5203,5,accesso interno,0,Non specificato,somministrazione,Assente,al banco,52.0,False,False,False,False,False,False,False,True,False,False,False,False,False,False,False,False,False,False,False,False,other,False
Non specificata,CORSO,VERCELLI,57,6193,7,accesso interno,0,Non specificato,somministrazione,Assente,al banco,22.0,False,False,False,False,False,False,False,True,False,False,False,False,False,False,False,False,False,False,False,False,other,False
Non specificata,FORO,BUONAPARTE,61,711,1,accesso interno,0,Non specificato,somministrazione,Assente,al banco,130.0,False,False,False,False,False,False,False,True,False,False,False,False,False,False,False,False,False,False,False,False,other,False
Non specificata,FORO,BUONAPARTE,71,711,1,accesso interno,0,Non specificato,somministrazione,Assente,al banco,83.0,False,False,False,False,False,False,False,True,False,False,False,False,False,False,False,False,False,False,False,False,other,False
Non specificata,FORO,BUONAPARTE,76,711,1,accesso interno,0,Non specificato,somministrazione,Assente,al banco,83.0,False,False,False,False,False,False,False,True,False,False,False,False,False,False,False,False,False,False,False,False,other,False
int.scuola di cucina,PIAZZA,ASPROMONTE,15,2246,3,accesso interno,0,Non specificato,somministrazione,Assente,al banco,69.0,False,False,False,False,False,False,False,True,False,False,False,False,False,False,False,False,False,False,False,False,school,False
Non specificata,PIAZZA,DIAZ ARMANDO,7,339,1,accesso interno,0,Non specificato,somministrazione,Assente,al banco,69.0,False,False,False,False,False,False,False,True,False,False,False,False,False,False,False,False,False,False,False,False,other,False
Non specificata,PIAZZA,LEGA LOMBARDA,1,7084,1,accesso interno,0,Non specificato,somministrazione,Assente,al banco,45.0,False,False,False,False,False,False,False,True,False,False,False,False,False,False,False,False,False,False,False,False,other,False
Non specificata,PIAZZA,SAN GIOVANNI,4,6741,8,accesso interno,0,Non specificato,somministrazione,Assente,al banco,59.0,False,False,False,False,False,False,False,True,False,False,False,False,False,False,False,False,False,False,False,False,other,False
Non specificata,PIAZZA,STUPARICH CARLO,000,6468,8,accesso interno,0,Non specificato,somministrazione,Assente,al banco,84.0,False,False,False,False,False,False,False,True,False,False,False,False,False,False,False,False,False,False,False,False,other,False
Non specificata,VIA,AJACCIO,9,3246,3,accesso interno,0,Non specificato,somministrazione,Assente,al banco,84.0,False,False,False,False,False,False,False,True,False,False,False,False,False,False,False,False,False,False,False,False,other,False
Non specificata,VIA,AMORETTI CARLO,68,7340,8,accesso interno,0,Non specificato,somministrazione,Assente,al banco,40.0,False,False,False,False,False,False,False,True,False,False,False,False,False,False,False,False,False,False,False,False,other,False
bar mensa pensionato univ,VIA,AMPERE ANDREA MARIA,3,2428,3,accesso interno,0,Non specificato,somministrazione,Assente,al banco,164.0,False,False,False,False,False,False,False,True,False,False,False,False,False,False,False,False,False,False,False,False,horeca,False
Non specificata,VIA,ANNONI LUIGI,4,6635,7,accesso interno,0,asilo nido,somministrazione,Assente,al banco,83.0,False,False,False,False,False,False,False,True,False,False,False,False,False,False,False,False,False,False,False,False,other,False
Non specificata,VIA,ASIAGO,5,2459,2,accesso interno,0,asilo nido,somministrazione,Assente,al banco,83.0,False,False,False,False,False,False,False,True,False,False,False,False,False,False,False,False,False,False,False,False,other,False
Non specificata,VIA,BANDELLO MATTEO,1,6214,1,accesso interno,0,Non specificato,somministrazione,Assente,al banco,83.0,False,False,False,False,False,False,False,True,False,False,False,False,False,False,False,False,False,False,False,False,other,False
Non specificata,VIA,BARONI COSTANTINO,192,5422,5,accesso interno,0,Non specificato,somministrazione,Assente,al banco,48.0,False,False,False,False,False,False,False,True,False,False,False,False,False,False,False,False,False,False,False,False,other,False
Non specificata,VIA,BARONI COSTANTINO,057,5422,5,accesso interno,0,Non specificato,somministrazione,Assente,al banco,137.0,False,False,False,False,False,False,False,True,False,False,False,False,False,False,False,False,False,False,False,False,other,False
Non specificata,VIA,BASSI UGO,1,1143,9,accesso interno,0,Non specificato,somministrazione,Assente,al banco,83.0,False,False,False,False,False,False,False,True,False,False,False,False,False,False,False,False,False,False,False,False,other,False
Non specificata,VIA,BERGAMO,3,3189,4,accesso interno,0,Non specificato,somministrazione,Assente,al banco,12.0,False,False,False,False,False,False,False,True,False,False,False,False,False,False,False,False,False,False,False,False,other,False
Non specificata,VIA,BETTI UGO,62,7517,8,accesso interno,0,Non specificato,somministrazione,Assente,al banco,212.0,False,False,False,False,False,False,False,True,False,False,False,False,False,False,False,False,False,False,False,False,other,False
Non specificata,VIA,BISLERI FELICE,16,6501,7,accesso interno,0,Non specificato,somministrazione,Assente,al banco,89.0,False,False,False,False,False,False,False,True,False,False,False,False,False,False,False,False,False,False,False,False,other,False
Non specificata,VIA,BIXIO NINO,33,3133,3,accesso interno,0,Non specificato,somministrazione,Assente,al banco,84.0,False,False,False,False,False,False,False,True,False,False,False,False,False,False,False,False,False,False,False,False,other,False
Non specificata,VIA,BOCCACCIO GIOVANNI,34,6158,1,accesso interno,0,asilo nido,somministrazione,Assente,al banco,84.0,False,False,False,False,False,False,False,True,False,False,False,False,False,False,False,False,False,False,False,False,other,False
Non specificata,VIA,BOIARDO MATTEO MARIA,1,2323,2,accesso interno,0,Non specificato,somministrazione,Assente,al banco,121.0,False,False,False,False,False,False,False,True,False,False,False,False,False,False,False,False,False,False,False,False,other,False
Non specificata,VIA,BOIFAVA PIETRO,15,5341,5,accesso interno,0,asilo nido,somministrazione,Assente,al banco,130.0,False,False,False,False,False,False,False,True,False,False,False,False,False,False,False,False,False,False,False,False,other,False
Non specificata,VIA,BOTTELLI GIUSEPPE,3,1419,2,accesso interno,0,asilo nido - scuola matern,somministrazione,Assente,al banco,146.0,False,False,False,False,False,False,False,True,False,False,False,False,False,False,False,False,False,False,False,False,school,False
Non specificata,VIA,BRAMANTE,29,7123,1,accesso interno,0,asilo nido,somministrazione,Assente,al banco,84.0,False,False,False,False,False,False,False,True,False,False,False,False,False,False,False,False,False,False,False,False,other,False
c/o casa della carita,VIA,BRAMBILLA FRANCESCO,008,2502,2,accesso interno,0,Non specificato,somministrazione,Assente,al banco,126.0,False,False,False,False,False,False,False,True,False,False,False,False,False,False,False,False,False,False,False,False,other,False
Non specificata,VIA,BREDA ERNESTO,176,2342,2,accesso interno,0,asilo nido,somministrazione,Assente,al banco,107.0,False,False,False,False,False,False,False,True,False,False,False,False,False,False,False,False,False,False,False,False,other,False
Non specificata,VIA,BUSSETO,2,4372,4,accesso interno,0,Non specificato,somministrazione,Assente,al banco,200.0,False,False,False,False,False,False,False,True,False,False,False,False,False,False,False,False,False,False,False,False,other,False
Non specificata,VIA,CAIO MARIO,18,6480,7,accesso interno,0,struttura scolastica,somministrazione,Assente,al banco,83.0,False,False,False,False,False,False,False,True,False,False,False,False,False,False,False,False,False,False,False,False,other,False
Non specificata,VIA,CALABRIA DON GIOVANNI,36,2524,3,accesso interno,0,Non specificato,somministrazione,Assente,al banco,300.0,False,False,False,False,False,False,False,True,False,False,False,False,False,False,False,False,False,False,False,False,other,False
Non specificata,VIA,CALABRIA,2,1233,9,accesso interno,0,asilo nido,somministrazione,Assente,al banco,25.0,False,False,False,False,False,False,False,True,False,False,False,False,False,False,False,False,False,False,False,False,other,False
Non specificata,VIA,CALATAFIMI,10,5190,1,accesso interno,0,asilo nido,somministrazione,Assente,al banco,84.0,False,False,False,False,False,False,False,True,False,False,False,False,False,False,False,False,False,False,False,False,other,False
Non specificata,VIA,CALDESI VINCENZO,6,1458,9,accesso interno,0,Non specificato,somministrazione,Assente,al banco,250.0,False,False,False,False,False,False,False,True,False,False,False,False,False,False,False,False,False,False,False,False,other,False
Non specificata,VIA,CASATI FELICE,3,2122,3,accesso interno,0,Non specificato,somministrazione,Assente,al banco,84.0,False,False,False,False,False,False,False,True,False,False,False,False,False,False,False,False,False,False,False,False,other,False
Non specificata,VIA,CASCINA CORBA,97,6690,6,accesso interno,0,asilo nido,somministrazione,Assente,al banco,83.0,False,False,False,False,False,False,False,True,False,False,False,False,False,False,False,False,False,False,False,False,other,False
Non specificata,VIA,CASORETTO,8,2420,3,accesso interno,9,asilo nido humpty dumpty,somministrazione,Assente,al banco,14.0,False,False,False,False,False,False,False,True,False,False,False,False,False,False,False,False,False,False,False,False,other,False
Non specificata,VIA,CASTELFIDARDO,6,1043,1,accesso interno,0,Non specificato,somministrazione,Assente,al banco,83.0,False,False,False,False,False,False,False,True,False,False,False,False,False,False,False,False,False,False,False,False,other,False
Non specificata,VIA,CELESTINO IV,11,540,1,accesso interno,0,Non specificato,somministrazione,Assente,al banco,84.0,False,False,False,False,False,False,False,True,False,False,False,False,False,False,False,False,False,False,False,False,other,False
Non specificata,VIA,CERVA,6,314,1,accesso interno,0,Non specificato,somministrazione,Assente,al banco,83.0,False,False,False,False,False,False,False,True,False,False,False,False,False,False,False,False,False,False,False,False,other,False
Non specificata,VIA,CIARDI GUGLIELMO,003,6574,7,accesso interno,0,Non specificato,somministrazione,Assente,al banco,83.0,False,False,False,False,False,False,False,True,False,False,False,False,False,False,False,False,False,False,False,False,other,False
Non specificata,VIA,CICERI VISCONTI LAURA,2,3220,4,accesso interno,0,asilo nido,somministrazione,Assente,al banco,83.0,False,False,False,False,False,False,False,True,False,False,False,False,False,False,False,False,False,False,False,False,other,False
Non specificata,VIA,CILEA FRANCESCO,106,7526,8,accesso interno,0,Non specificato,somministrazione,Assente,al banco,83.0,False,False,False,False,False,False,False,True,False,False,False,False,False,False,False,False,False,False,False,False,other,False
Non specificata,VIA,COLA MONTANO,12,1139,9,accesso interno,0,Non specificato,somministrazione,Assente,al banco,83.0,False,False,False,False,False,False,False,True,False,False,False,False,False,False,False,False,False,False,False,False,other,False
Non specificata,VIA,CUCCHI FRANCESCO,4,3159,4,accesso interno,0,asilo nido,somministrazione,Assente,al banco,83.0,False,False,False,False,False,False,False,True,False,False,False,False,False,False,False,False,False,False,False,False,other,False
Non specificata,VIA,DANTE ALIGHIERI,9,612,1,accesso interno,0,Non specificato,somministrazione,Assente,al banco,84.0,False,False,False,False,False,False,False,True,False,False,False,False,False,False,False,False,False,False,False,False,other,False
Non specificata,VIA,DEGLI IMBRIANI,10,1266,9,accesso interno,0,asilo nido,somministrazione,Assente,al banco,84.0,False,False,False,False,False,False,False,True,False,False,False,False,False,False,False,False,False,False,False,False,other,False
Non specificata,VIA,DEI MISSAGLIA,89,5340,5,accesso interno,0,Non specificato,somministrazione,Assente,al banco,83.0,False,False,False,False,False,False,False,True,False,False,False,False,False,False,False,False,False,False,False,False,other,False
Non specificata,VIA,DEI MISSAGLIA,97,5340,5,accesso interno,0,asilo nido businnes park,somministrazione,Assente,al banco,83.0,False,False,False,False,False,False,False,True,False,False,False,False,False,False,False,False,False,False,False,False,other,False
Non specificata,VIA,DEI TULIPANI,18,6713,6,accesso interno,0,Non specificato,somministrazione,Assente,al banco,83.0,False,False,False,False,False,False,False,True,False,False,False,False,False,False,False,False,False,False,False,False,other,False
Non specificata,VIA,DEI TULIPANI,2,6713,6,accesso interno,0,Non specificato,somministrazione,Assente,al banco,70.0,False,False,False,False,False,False,False,True,False,False,False,False,False,False,False,False,False,False,False,False,other,False
telecom italia,VIA,DELLA BOSCAIOLA,26,1152,9,accesso interno,0,asilo nido,somministrazione,Assente,al banco,83.0,False,False,False,False,False,False,False,True,False,False,False,False,False,False,False,False,False,False,False,False,other,False
Non specificata,VIA,DELLA MOSCOVA,58,1016,1,accesso interno,0,Non specificato,somministrazione,Assente,al banco,83.0,False,False,False,False,False,False,False,True,False,False,False,False,False,False,False,False,False,False,False,False,other,False
Non specificata,VIA,DE RUGGIERO GUIDO,6,5442,5,accesso interno,0,Non specificato,somministrazione,Assente,al banco,165.0,False,False,False,False,False,False,False,True,False,False,False,False,False,False,False,False,False,False,False,False,other,False
Non specificata,VIA,ERACLITO,17,2403,2,accesso interno,0,Non specificato,somministrazione,Assente,al banco,180.0,False,False,False,False,False,False,False,True,False,False,False,False,False,False,False,False,False,False,False,False,other,False
Non specificata,VIA,FABRIZI NICOLA,002,7460,8,accesso interno,0,Non specificato,somministrazione,Assente,al banco,37.0,False,False,False,False,False,False,False,True,False,False,False,False,False,False,False,False,False,False,False,False,other,False
Non specificata,VIA,FANTOLI GAUDENZIO,7,3355,4,accesso interno,0,Non specificato,somministrazione,Assente,al banco,270.0,False,False,False,False,False,False,False,True,False,False,False,False,False,False,False,False,False,False,False,False,other,False
Non specificata,VIA,FARINI CARLO,53,1114,9,accesso interno,0,Non specificato,somministrazione,Assente,al banco,62.0,False,False,False,False,False,False,False,True,False,False,False,False,False,False,False,False,False,False,False,False,other,False
Non specificata,VIA,FARINI CARLO,79,1114,9,accesso interno,0,Non specificato,somministrazione,Assente,al banco,11.0,False,False,False,False,False,False,False,True,False,False,False,False,False,False,False,False,False,False,False,False,other,False
Non specificata,VIA,FESTA DEL PERDONO,14,327,1,accesso interno,0,Non specificato,somministrazione,Assente,al banco,83.0,False,False,False,False,False,False,False,True,False,False,False,False,False,False,False,False,False,False,False,False,other,False
Non specificata,VIA,F.LLI BRESSAN,34,2349,2,accesso interno,97,circolo,somministrazione,Assente,al banco,153.0,False,False,False,False,False,False,False,True,False,False,False,False,False,False,False,False,False,False,False,False,other,False
Non specificata,VIA,F.LLI FRASCHINI,10,4355,5,accesso interno,0,micronido il gatto & la vo,somministrazione,Assente,al banco,84.0,False,False,False,False,False,False,False,True,False,False,False,False,False,False,False,False,False,False,False,False,other,False
Non specificata,VIA,FOLDI CARLO,1,3032,4,accesso interno,0,Non specificato,somministrazione,Assente,al banco,83.0,False,False,False,False,False,False,False,True,False,False,False,False,False,False,False,False,False,False,False,False,other,False
Non specificata,VIA,FRIULI,8,3199,4,accesso interno,0,scuola materna,somministrazione,Assente,al banco,83.0,False,False,False,False,False,False,False,True,False,False,False,False,False,False,False,False,False,False,False,False,school,False
Non specificata,VIA,GALLARATE,228,7420,8,accesso interno,0,Non specificato,somministrazione,Assente,al banco,83.0,False,False,False,False,False,False,False,True,False,False,False,False,False,False,False,False,False,False,False,False,other,False
Non specificata,VIA,GARDONE,22,4153,5,accesso interno,0,asilo nidopiccole orme,somministrazione,Assente,al banco,83.0,False,False,False,False,False,False,False,True,False,False,False,False,False,False,False,False,False,False,False,False,other,False
Non specificata,VIA,GIOIA MELCHIORRE,50,1108,2,accesso interno,0,Non specificato,somministrazione,Assente,al banco,18.0,False,False,False,False,False,False,False,True,False,False,False,False,False,False,False,False,False,False,False,False,other,False
Non specificata,VIA,GIOIA MELCHIORRE,53,1108,2,accesso interno,0,Non specificato,somministrazione,Assente,al banco,83.0,False,False,False,False,False,False,False,True,False,False,False,False,False,False,False,False,False,False,False,False,other,False
Non specificata,VIA,GIOVENALE,4,5210,5,accesso interno,0,asilo nido la bottega dell,somministrazione,Assente,al banco,165.0,False,False,False,False,False,False,False,True,False,False,False,False,False,False,False,False,False,False,False,False,other,False
Non specificata,VIA,IMBONATI CARLO,63,1311,9,accesso interno,0,asilo nido,somministrazione,Assente,al banco,30.0,False,False,False,False,False,False,False,True,False,False,False,False,False,False,False,False,False,False,False,False,other,False
Non specificata,VIA,LEPONTINA,13,1147,9,accesso interno,0,Non specificato,somministrazione,Assente,al banco,83.0,False,False,False,False,False,False,False,True,False,False,False,False,False,False,False,False,False,False,False,False,other,False
Non specificata,VIA,LESA,5,1181,2,accesso interno,0,Non specificato,somministrazione,Assente,al banco,22.0,False,False,False,False,False,False,False,True,False,False,False,False,False,False,False,False,False,False,False,False,other,False
Non specificata,VIA,LOMBROSO CESARE,53,3334,4,accesso interno,0,Non specificato,somministrazione,Assente,al banco,88.0,False,False,False,False,False,False,False,True,False,False,False,False,False,False,False,False,False,False,False,False,other,False
Non specificata,VIA,LOPEZ SABATINO,3,7369,8,accesso interno,65,Non specificato,somministrazione,Assente,al banco,52.0,False,False,False,False,False,False,False,True,False,False,False,False,False,False,False,False,False,False,False,False,other,False
Non specificata,VIA,MAGOLFA,5,5159,6,accesso interno,0,Non specificato,somministrazione,Assente,al banco,37.0,False,False,False,False,False,False,False,True,False,False,False,False,False,False,False,False,False,False,False,False,other,False
Non specificata,VIA,MAMBRETTI ANTONIO,9,7455,8,accesso interno,0,Non specificato,somministrazione,Assente,al banco,84.0,False,False,False,False,False,False,False,True,False,False,False,False,False,False,False,False,False,False,False,False,other,False
Non specificata,VIA,MANCINELLI LUIGI,3,2422,3,accesso interno,0,asilo nido,somministrazione,Assente,al banco,84.0,False,False,False,False,False,False,False,True,False,False,False,False,False,False,False,False,False,False,False,False,other,False
Non specificata,VIA,MANTOVA,12,4217,5,accesso interno,0,Non specificato,somministrazione,Assente,al banco,83.0,False,False,False,False,False,False,False,True,False,False,False,False,False,False,False,False,False,False,False,False,other,False
Non specificata,VIA,MARCO BRUTO,9,3322,4,accesso interno,0,asilo nido,somministrazione,Assente,al banco,84.0,False,False,False,False,False,False,False,True,False,False,False,False,False,False,False,False,False,False,False,False,other,False
Non specificata,VIA,MASACCIO,19,6420,8,accesso interno,208,Non specificato,somministrazione,Assente,al banco,83.0,False,False,False,False,False,False,False,True,False,False,False,False,False,False,False,False,False,False,False,False,other,False
Non specificata,VIA,MASCAGNI PIETRO,14,3155,1,accesso interno,0,Non specificato,somministrazione,Assente,al banco,83.0,False,False,False,False,False,False,False,True,False,False,False,False,False,False,False,False,False,False,False,False,other,False
Non specificata,VIA,MELLONI MACEDONIO,75,3085,4,accesso interno,0,asilo nido tenerezza,somministrazione,Assente,al banco,83.0,False,False,False,False,False,False,False,True,False,False,False,False,False,False,False,False,False,False,False,False,other,False
Non specificata,VIA,MONTEGANI LODOVICO,68,5330,5,accesso interno,0,Non specificato,somministrazione,Assente,al banco,83.0,False,False,False,False,False,False,False,True,False,False,False,False,False,False,False,False,False,False,False,False,other,False
Non specificata,VIA,MONTI VINCENZO,79,6155,8,accesso interno,0,asilo nido coccinella,somministrazione,Assente,al banco,98.0,False,False,False,False,False,False,False,True,False,False,False,False,False,False,False,False,False,False,False,False,other,False
Non specificata,VIA,MORGANTINI MARIO,29,6568,7,accesso interno,0,Non specificato,somministrazione,Assente,al banco,84.0,False,False,False,False,False,False,False,True,False,False,False,False,False,False,False,False,False,False,False,False,other,False
Non specificata,VIA,MORIGI,003,633,1,accesso interno,0,Non specificato,somministrazione,Assente,al banco,83.0,False,False,False,False,False,False,False,True,False,False,False,False,False,False,False,False,False,False,False,False,other,False
Non specificata,VIA,OGLIO,021,4105,4,accesso interno,0,Non specificato,somministrazione,Assente,al banco,95.0,False,False,False,False,False,False,False,True,False,False,False,False,False,False,False,False,False,False,False,False,other,False
Non specificata,VIA,ORISTANO,9,2461,2,accesso interno,0,asilo nido piccoli sogni 2,somministrazione,Assente,al banco,96.0,False,False,False,False,False,False,False,True,False,False,False,False,False,False,False,False,False,False,False,False,other,False
Non specificata,VIA,ORTI,18,4031,1,accesso interno,0,asilo nido,somministrazione,Assente,al banco,83.0,False,False,False,False,False,False,False,True,False,False,False,False,False,False,False,False,False,False,False,False,other,False
bar caffe,VIA,PADOVA,21,2275,2,accesso interno,0,Non specificato,somministrazione,Assente,al banco,87.0,False,False,False,False,False,False,False,True,False,False,False,False,False,False,False,False,False,False,False,False,horeca,False
Non specificata,VIA,PADOVA,269,2275,2,accesso interno,0,scuola materna,somministrazione,Assente,al banco,77.0,False,False,False,False,False,False,False,True,False,False,False,False,False,False,False,False,False,False,False,False,school,False
Non specificata,VIA,PALMI,25,6699,7,accesso interno,0,scuola materna primarie se,somministrazione,Assente,al banco,157.0,False,False,False,False,False,False,False,True,False,False,False,False,False,False,False,False,False,False,False,False,school,False
Non specificata,VIA,PAMPURI FRA' RICCARDO,2,4322,5,accesso interno,0,asilo nido,somministrazione,Assente,al banco,33.0,False,False,False,False,False,False,False,True,False,False,False,False,False,False,False,False,False,False,False,False,other,False
Non specificata,VIA,PAOLO DA CANNOBIO,9,338,1,accesso interno,0,Non specificato,somministrazione,Assente,al banco,84.0,False,False,False,False,False,False,False,True,False,False,False,False,False,False,False,False,False,False,False,False,other,False
Non specificata,VIA,PARAVIA PIER ALESSANDRO,73,6571,7,accesso interno,0,Non specificato,somministrazione,Assente,al banco,106.0,False,False,False,False,False,False,False,True,False,False,False,False,False,False,False,False,False,False,False,False,other,False
Non specificata,VIA,PASCARELLA CESARE,11,7349,8,accesso interno,0,Non specificato,somministrazione,Assente,al banco,84.0,False,False,False,False,False,False,False,True,False,False,False,False,False,False,False,False,False,False,False,False,other,False
Non specificata,VIA,PASINETTI ANTONIO,2,4255,5,accesso interno,0,la salumeria della musica,somministrazione,Assente,al banco,118.0,False,False,False,False,False,False,False,True,False,False,False,False,False,False,False,False,False,False,False,False,other,False
Non specificata,VIA,PEDRONI LISIADE,8,1474,9,accesso interno,0,Non specificato,somministrazione,Assente,al banco,83.0,False,False,False,False,False,False,False,True,False,False,False,False,False,False,False,False,False,False,False,False,other,False
Non specificata,VIA,PERUSSIA FELICE,6,5344,5,accesso interno,0,asilo nido,somministrazione,Assente,al banco,83.0,False,False,False,False,False,False,False,True,False,False,False,False,False,False,False,False,False,False,False,False,other,False
bar tabacchi,VIA,PESTALOZZI GIOVANNI ENRICO,4,5294,6,accesso interno,0,Non specificato,somministrazione,Assente,al banco,58.0,False,False,False,False,False,False,False,True,False,False,False,False,False,False,False,False,False,False,False,False,horeca,False
Non specificata,VIA,PETROCCHI POLICARPO,2,2320,2,accesso interno,0,Non specificato,somministrazione,Assente,al banco,83.0,False,False,False,False,False,False,False,True,False,False,False,False,False,False,False,False,False,False,False,False,other,False
mm3 san donato,VIA,PICHI MARIO,8,5236,6,accesso interno,0,Non specificato,somministrazione,Assente,al banco,110.0,False,False,False,False,False,False,False,True,False,False,False,False,False,False,False,False,False,False,False,False,other,False
Non specificata,VIA,PIER LOMBARDO,14,4073,4,accesso interno,0,Non specificato,somministrazione,Assente,al banco,276.0,False,False,False,False,False,False,False,True,False,False,False,False,False,False,False,False,False,False,False,False,other,False
Non specificata,VIA,PIETRASANTA,014,4227,5,accesso interno,0,asilo nido,somministrazione,Assente,al banco,83.0,False,False,False,False,False,False,False,True,False,False,False,False,False,False,False,False,False,False,False,False,other,False
Non specificata,VIA,PITTERI RICCARDO,56,2674,3,accesso interno,0,asilo nido il giardino dei,somministrazione,Assente,al banco,58.0,False,False,False,False,False,False,False,True,False,False,False,False,False,False,False,False,False,False,False,False,other,False
Non specificata,VIA,PONTI ETTORE,15,5297,6,accesso interno,0,asilo nido,somministrazione,Assente,al banco,61.0,False,False,False,False,False,False,False,True,False,False,False,False,False,False,False,False,False,False,False,False,other,False
Non specificata,VIA,PONTI ETTORE,40,5297,6,accesso interno,0,Non specificato,somministrazione,Assente,al banco,168.0,False,False,False,False,False,False,False,True,False,False,False,False,False,False,False,False,False,False,False,False,other,False
Non specificata,VIA,POZZONE GIUSEPPE,5,725,1,accesso interno,0,Non specificato,somministrazione,Assente,al banco,83.0,False,False,False,False,False,False,False,True,False,False,False,False,False,False,False,False,False,False,False,False,other,False
Non specificata,VIA,PRINA GIUSEPPE,15,7135,8,accesso interno,0,Non specificato,somministrazione,Assente,al banco,122.0,False,False,False,False,False,False,False,True,False,False,False,False,False,False,False,False,False,False,False,False,other,False
Non specificata,VIA,PROCACCINI GIULIO CESARE,14,7204,8,accesso interno,0,Non specificato,somministrazione,Assente,al banco,83.0,False,False,False,False,False,False,False,True,False,False,False,False,False,False,False,False,False,False,False,False,other,False
Non specificata,VIA,PROCACCINI GIULIO CESARE,28,7204,8,accesso interno,0,Non specificato,somministrazione,Assente,al banco,45.0,False,False,False,False,False,False,False,True,False,False,False,False,False,False,False,False,False,False,False,False,other,False
Non specificata,VIA,PROCACCINI GIULIO CESARE,41,7204,8,accesso interno,0,Non specificato,somministrazione,Assente,al banco,26.0,False,False,False,False,False,False,False,True,False,False,False,False,False,False,False,False,False,False,False,False,other,False
Non specificata,VIA,QUADRIO MAURIZIO,17,1115,9,accesso interno,0,Non specificato,somministrazione,Assente,al banco,83.0,False,False,False,False,False,False,False,True,False,False,False,False,False,False,False,False,False,False,False,False,other,False
Non specificata,VIA,QUARANTA BERNARDO,40,4271,5,accesso interno,0,Non specificato,somministrazione,Assente,al banco,50.0,False,False,False,False,False,False,False,True,False,False,False,False,False,False,False,False,False,False,False,False,other,False
Non specificata,VIA,QUARANTA BERNARDO,41,4271,5,accesso interno,0,Non specificato,somministrazione,Assente,al banco,110.0,False,False,False,False,False,False,False,True,False,False,False,False,False,False,False,False,False,False,False,False,other,False
Non specificata,VIA,REGUZZONI ELIO,007,1431,9,accesso interno,0,asilo nido,somministrazione,Assente,al banco,20.0,False,False,False,False,False,False,False,True,False,False,False,False,False,False,False,False,False,False,False,False,other,False
Non specificata,VIA,REINA FRANCESCO,14,3255,4,accesso interno,0,Non specificato,somministrazione,Assente,al banco,83.0,False,False,False,False,False,False,False,True,False,False,False,False,False,False,False,False,False,False,False,False,other,False
Non specificata,VIA,RIPAMONTI GIUSEPPE,129,4066,5,accesso interno,0,Non specificato,somministrazione,Assente,al banco,83.0,False,False,False,False,False,False,False,True,False,False,False,False,False,False,False,False,False,False,False,False,other,False
Non specificata,VIA,RIPAMONTI GIUSEPPE,580,4066,5,accesso interno,0,Non specificato,somministrazione,Assente,al banco,200.0,False,False,False,False,False,False,False,True,False,False,False,False,False,False,False,False,False,False,False,False,other,False
Non specificata,VIA,ROGOREDO,29,4373,4,accesso interno,0,asilo nido,somministrazione,Assente,al banco,84.0,False,False,False,False,False,False,False,True,False,False,False,False,False,False,False,False,False,False,False,False,other,False
Non specificata,VIA,ROMEO NICOLA,5,5479,5,accesso interno,0,Non specificato,somministrazione,Assente,al banco,8.0,False,False,False,False,False,False,False,True,False,False,False,False,False,False,False,False,False,False,False,False,other,False
Non specificata,VIA,ROMEO NICOLA,7,5479,5,accesso interno,0,Non specificato,somministrazione,Assente,al banco,83.0,False,False,False,False,False,False,False,True,False,False,False,False,False,False,False,False,False,False,False,False,other,False
Non specificata,VIA,ROSMINI ANTONIO,004,7132,1,accesso interno,0,parrocchia della ss. trini,somministrazione,Assente,al banco,220.0,False,False,False,False,False,False,False,True,False,False,False,False,False,False,False,False,False,False,False,False,other,False
Non specificata,VIA,ROSSI ERNESTO,7,5452,6,accesso interno,0,asilo nido,somministrazione,Assente,al banco,83.0,False,False,False,False,False,False,False,True,False,False,False,False,False,False,False,False,False,False,False,False,other,False
Non specificata,VIA,ROSSO MEDARDO,15,1145,9,accesso interno,0,nido d'infanzia,somministrazione,Assente,al banco,83.0,False,False,False,False,False,False,False,True,False,False,False,False,False,False,False,False,False,False,False,False,other,False
Non specificata,VIA,SAMMARTINI GIOVANNI BATTISTA,23,1202,2,accesso interno,0,Non specificato,somministrazione,Assente,al banco,46.0,False,False,False,False,False,False,False,True,False,False,False,False,False,False,False,False,False,False,False,False,other,False
Non specificata,VIA,SAN MAMETE,54,2413,2,accesso interno,0,Non specificato,somministrazione,Assente,al banco,110.0,False,False,False,False,False,False,False,True,False,False,False,False,False,False,False,False,False,False,False,False,other,False
Non specificata,VIA,SANTA SOFIA,21,408,1,accesso interno,0,asilo nido bimbigioco,somministrazione,Assente,al banco,83.0,False,False,False,False,False,False,False,True,False,False,False,False,False,False,False,False,False,False,False,False,other,False
Non specificata,VIA,SANT' ERLEMBALDO,036,2356,2,accesso interno,0,istit. i.t.o.s.,somministrazione,Assente,al banco,40.0,False,False,False,False,False,False,False,True,False,False,False,False,False,False,False,False,False,False,False,False,other,False
Non specificata,VIA,SAN VITTORE,13,647,1,accesso interno,0,Non specificato,somministrazione,Assente,al banco,20.0,False,False,False,False,False,False,False,True,False,False,False,False,False,False,False,False,False,False,False,False,other,False
Non specificata,VIA,SBODIO GAETANO,24,2670,3,accesso interno,0,Non specificato,somministrazione,Assente,al banco,84.0,False,False,False,False,False,False,False,True,False,False,False,False,False,False,False,False,False,False,False,False,other,False
Non specificata,VIA,SCALARINI GIUSEPPE,10,4004,5,accesso interno,0,Non specificato,somministrazione,Assente,al banco,84.0,False,False,False,False,False,False,False,True,False,False,False,False,False,False,False,False,False,False,False,False,other,False
Non specificata,VIA,S. GIOV. SUL MURO,13,609,1,accesso interno,0,Non specificato,somministrazione,Assente,al banco,18.0,False,False,False,False,False,False,False,True,False,False,False,False,False,False,False,False,False,False,False,False,other,False
Non specificata,VIA,SODERINI LUIGI,21,6675,6,accesso interno,0,Non specificato,somministrazione,Assente,al banco,83.0,False,False,False,False,False,False,False,True,False,False,False,False,False,False,False,False,False,False,False,False,other,False
Non specificata,VIA,SORDELLO LUIGI,14,3342,4,accesso interno,0,nido e scuola dell'infanzi,somministrazione,Assente,al banco,83.0,False,False,False,False,False,False,False,True,False,False,False,False,False,False,False,False,False,False,False,False,school,False
Non specificata,VIA,SOTTOCORNO PASQUALE,005,3152,4,accesso interno,0,Non specificato,somministrazione,Assente,al banco,83.0,False,False,False,False,False,False,False,True,False,False,False,False,False,False,False,False,False,False,False,False,other,False
Non specificata,VIA,SPADARI,9,518,1,accesso interno,0,Non specificato,somministrazione,Assente,al banco,84.0,False,False,False,False,False,False,False,True,False,False,False,False,False,False,False,False,False,False,False,False,other,False
Non specificata,VIA,SPOLETO,4,2292,2,accesso interno,0,Non specificato,somministrazione,Assente,al banco,83.0,False,False,False,False,False,False,False,True,False,False,False,False,False,False,False,False,False,False,False,False,other,False
Non specificata,VIA,TANGENZIALE EST,000,8501,3,accesso interno,0,Non specificato,somministrazione,Assente,al banco,84.0,False,False,False,False,False,False,False,True,False,False,False,False,False,False,False,False,False,False,False,False,other,False
Non specificata,VIA,TERTULLIANO,70,4094,4,accesso interno,0,Non specificato,somministrazione,Assente,al banco,83.0,False,False,False,False,False,False,False,True,False,False,False,False,False,False,False,False,False,False,False,False,other,False
Non specificata,VIA,TIRABOSCHI GEROLAMO,6,4072,4,accesso interno,0,asilo nido giochi arcobale,somministrazione,Assente,al banco,83.0,False,False,False,False,False,False,False,True,False,False,False,False,False,False,False,False,False,False,False,False,other,False
Non specificata,VIA,TOBAGI WALTER,4,5420,6,accesso interno,0,Non specificato,somministrazione,Assente,al banco,60.0,False,False,False,False,False,False,False,True,False,False,False,False,False,False,False,False,False,False,False,False,other,False
Non specificata,VIA,UCCELLO PAOLO,4,6421,8,accesso interno,0,Non specificato,somministrazione,Assente,al banco,83.0,False,False,False,False,False,False,False,True,False,False,False,False,False,False,False,False,False,False,False,False,other,False
Non specificata,VIA,VALVASSORI PERONI CARLO,56,2580,3,accesso interno,0,Non specificato,somministrazione,Assente,al banco,51.0,False,False,False,False,False,False,False,True,False,False,False,False,False,False,False,False,False,False,False,False,other,False
Non specificata,VIA,VASARI GIORGIO,16,4070,4,accesso interno,0,asilo nido,somministrazione,Assente,al banco,83.0,False,False,False,False,False,False,False,True,False,False,False,False,False,False,False,False,False,False,False,False,other,False
Non specificata,VIA,VERITA' DON GIOVANNI,10,1469,9,accesso interno,0,asilo nido dei girasoli,somministrazione,Assente,al banco,84.0,False,False,False,False,False,False,False,True,False,False,False,False,False,False,False,False,False,False,False,False,other,False
Non specificata,VIA,VERRO BERNARDINO,39,4223,5,accesso interno,39,Non specificato,somministrazione,Assente,al banco,250.0,False,False,False,False,False,False,False,True,False,False,False,False,False,False,False,False,False,False,False,False,other,False
Non specificata,VIA,VERRO BERNARDINO,43,4223,5,accesso interno,0,asilo nido,somministrazione,Assente,al banco,95.0,False,False,False,False,False,False,False,True,False,False,False,False,False,False,False,False,False,False,False,False,other,False
Non specificata,VIA,VISMARA GASPARE,3,3335,4,accesso interno,0,Non specificato,somministrazione,Assente,al banco,83.0,False,False,False,False,False,False,False,True,False,False,False,False,False,False,False,False,False,False,False,False,other,False
Non specificata,VIA,ZUMBINI BONAVENTURA,39,5302,6,accesso interno,0,asilo nido,somministrazione,Assente,al banco,21.0,False,False,False,False,False,False,False,True,False,False,False,False,False,False,False,False,False,False,False,False,other,False
il sottomarino giallo,VIALE,ABRUZZI,48,2177,3,accesso interno,0,Non specificato,somministrazione,Assente,al banco,147.0,False,False,False,False,False,False,False,True,False,False,False,False,False,False,False,False,False,False,False,False,other,False
Non specificata,VIALE,CATERINA DA FORLI',19,6611,6,accesso interno,30,piccolo cottolengo don ori,somministrazione,Assente,misto,114.0,False,False,False,False,False,False,False,True,False,False,False,False,False,False,False,False,False,False,False,False,other,False
Non specificata,VIALE,COL DI LANA,8,5198,5,accesso interno,0,Non specificato,somministrazione,Assente,al banco,83.0,False,False,False,False,False,False,False,True,False,False,False,False,False,False,False,False,False,False,False,False,other,False
Non specificata,VIALE,DE GASPERI ALCIDE,002,7482,8,accesso interno,0,Non specificato,somministrazione,Assente,al banco,83.0,False,False,False,False,False,False,False,True,False,False,False,False,False,False,False,False,False,False,False,False,other,False
Non specificata,VIALE,MARCHE,38,1360,9,accesso interno,0,Non specificato,somministrazione,Assente,al banco,88.0,False,False,False,False,False,False,False,True,False,False,False,False,False,False,False,False,False,False,False,False,other,False
Non specificata,VIALE,MONTE NERO,84,3062,4,accesso interno,0,Non specificato,somministrazione,Assente,al banco,27.0,False,False,False,False,False,False,False,True,False,False,False,False,False,False,False,False,False,False,False,False,other,False
Non specificata,VIALE,MONZA,111,2274,2,accesso interno,0,Non specificato,somministrazione,Assente,al banco,83.0,False,False,False,False,False,False,False,True,False,False,False,False,False,False,False,False,False,False,False,False,other,False
Non specificata,VIALE,PREMUDA,38,3063,4,accesso interno,0,asilo nido,somministrazione,Assente,al banco,135.0,False,False,False,False,False,False,False,True,False,False,False,False,False,False,False,False,False,False,False,False,other,False
Non specificata,VIALE,PREMUDA,42,3063,4,accesso interno,0,Non specificato,somministrazione,Assente,al banco,83.0,False,False,False,False,False,False,False,True,False,False,False,False,False,False,False,False,False,False,False,False,other,False
12042005,VIA,VARE' GIOVANNI BATTISTA,031,1245,9,accesso interno,25,Non specificato,somministrazione,Assente,al banco,83.0,False,False,False,False,False,False,False,True,False,False,False,False,False,False,False,False,False,False,False,False,other,False
mensa int.asilo i pulcini,VIA,STRADELLA ALESSANDRO,5,2170,3,accesso interno,48,Non specificato,somministrazione,Assente,self service,122.0,False,False,False,False,False,False,False,True,False,False,False,False,False,False,False,False,False,False,False,False,other,False
Non specificata,PIAZZA,VENTICINQUE APRILE,12,1064,9,accesso interno,322,Non specificato,somministrazione,Assente,al banco,286.0,True,False,False,False,False,False,False,True,False,False,False,False,False,False,False,False,False,False,False,False,other,False
Non specificata,VIA,CECHOV ANTONIO,50,7515,8,accesso interno,50,bp italia spa,somministrazione,Assente,al banco,51.0,True,False,False,False,False,False,False,True,False,False,False,False,False,False,False,False,False,False,False,False,other,False
Non specificata,VIA,GIUSTI GIUSEPPE,16,7127,1,accesso esterno,114,Non specificato,somministrazione,Assente,al banco,73.0,True,False,False,False,False,False,False,True,False,False,False,False,False,False,False,False,False,False,False,False,other,False
Non specificata,VIA,LIPPI FILIPPINO,39,2196,3,accesso interno,41,Non specificato,somministrazione,Assente,al banco,68.0,True,False,False,False,False,False,False,True,False,False,False,False,False,False,False,False,False,False,False,False,other,False
Non specificata,VIA,SAN NICOLAO,4,603,1,accesso interno,291,Non specificato,somministrazione,Assente,al banco,71.0,True,False,False,False,False,False,False,True,False,False,False,False,False,False,False,False,False,False,False,False,other,False
Non specificata,VIA,SBARBARO CAMILLO,1,1712,9,accesso interno,54,Non specificato,somministrazione,Assente,al banco,75.0,True,False,False,False,False,False,False,True,False,False,False,False,False,False,False,False,False,False,False,False,other,False
bayer spa,VIALE,CERTOSA,130,7174,8,accesso interno,234,bayer s.p.a.,somministrazione,Assente,al banco,89.0,True,False,False,False,False,False,False,True,False,False,False,False,False,False,False,False,False,False,False,False,company,False
accademia belle arti,VIA,BRERA,28,122,1,accesso interno,304,accademia di belle arti,somministrazione,minuto,al banco,112.0,True,False,False,False,False,False,False,True,False,False,False,False,False,False,False,False,False,False,False,False,other,False
az. pirelli  c.,VIALE,PIRELLI PIERO E ALBERTO,21,1727,9,accesso interno,0,pirelli & c.,somministrazione,Assente,al banco,14.0,True,False,False,False,False,False,False,True,False,False,False,False,False,False,False,False,False,False,False,False,other,False
bar,PIAZZA,CADUTI E DISPERSI IN RUSSIA,1,2703,3,accesso esterno,64,Non specificato,somministrazione,Assente,al banco,12.0,True,False,False,False,False,False,False,True,False,False,False,False,False,False,False,False,False,False,False,False,horeca,False
bar c/o arci matatu,VIA,DE CASTILLIA GAETANO,20,1123,9,accesso interno,294,Non specificato,somministrazione,Assente,al banco,100.0,True,False,False,False,False,False,False,True,False,False,False,False,False,False,False,False,False,False,False,False,horeca,False
bar c/o g.d.f.com.reg.lom,VIA,GIOIA MELCHIORRE,5,1108,9,accesso interno,326,g.d.f. comando regionale,somministrazione,Assente,al banco,70.0,True,False,False,False,False,False,False,True,False,False,False,False,False,False,False,False,False,False,False,False,horeca,False
bar int.teatro studio,VIA,RIVOLI,6,7080,1,accesso interno,243,Non specificato,somministrazione,Assente,al banco,14.0,True,False,False,False,False,False,False,True,False,False,False,False,False,False,False,False,False,False,False,False,horeca,False
c/0 casa di riposo,VIA,DEI CINQUECENTO,19,4283,4,accesso interno,129,rsa casa per coniugi,somministrazione,Assente,al banco,11.0,True,False,False,False,False,False,False,True,False,False,False,False,False,False,False,False,False,False,False,False,other,False
caserma montello,VIA,CARACCIOLO FRANCESCO,29,7182,8,accesso interno,327,caserma montello,somministrazione,minuto,al banco,250.0,True,False,False,False,False,False,False,True,False,False,False,False,False,False,False,False,False,False,False,False,other,False
c/o g.d.f. comando lombar,CORSO,SEMPIONE,25,7137,8,accesso interno,96,guardia di finanza comando,somministrazione,Assente,al banco,36.0,True,False,False,False,False,False,False,True,False,False,False,False,False,False,False,False,False,False,False,False,horeca,False
int.cons.regione lombardi,VIA,FILZI FABIO,29,1190,2,accesso interno,246,consiglio reg. lombardia,somministrazione,Assente,al banco,66.0,True,False,False,False,False,False,False,True,False,False,False,False,False,False,False,False,False,False,False,False,public_office,False
int.cral comune di milano,VIA,BEZZECCA,24,3075,4,accesso interno,53,c.r.a.l. comune di milano,somministrazione,Assente,al banco,150.0,True,False,False,False,False,False,False,True,False,False,False,False,False,False,False,False,False,False,False,False,public_office,False
int.walter thompson itali,VIA,LOMAZZO PAOLO,19,7079,8,accesso interno,71,j.walter thompson italia,somministrazione,Assente,al banco,107.0,True,False,False,False,False,False,False,True,False,False,False,False,False,False,False,False,False,False,False,False,other,False
c/o ist.clinici perfezion,VIA,BIGNAMI EMILIO,1,1667,9,accesso interno,43,istit.clinici di perfez.,somministrazione,Assente,al banco,136.0,True,False,False,False,False,False,False,True,False,False,False,False,False,False,False,True,False,False,False,False,other,False
Non specificata,VIA,NAVA FRANCESCO,31,1319,9,accesso esterno,164,casa di cura s. pio x,somministrazione,Assente,al banco,60.0,True,True,False,False,False,False,False,True,False,False,False,False,False,False,False,True,False,False,False,False,hospital,True
c/0 i.s.u.,VIA,FESTA DEL PERDONO,3,327,1,accesso interno,269,università degli studi di,somministrazione,Assente,self service,203.0,True,True,False,False,False,False,False,True,False,True,False,False,False,False,True,False,True,False,True,False,school,True
interno palestra,VIALE,LIGURIA,46,5264,6,accesso interno,157,Non specificato,somministrazione,Assente,al banco,43.0,True,True,False,False,False,False,False,True,False,False,False,False,False,False,False,True,False,False,False,False,other,False
beau geste,PIAZZA,VELASCA,4,335,1,accesso esterno,394,Non specificato,somministrazione,Assente,misto,150.0,True,False,False,False,False,True,False,True,False,False,False,False,False,False,False,False,False,False,False,False,other,False
Non specificata,VIA,ROSSI PELLEGRINO,93,1510,9,accesso interno,153,Non specificato,somministrazione,Assente,al banco,400.0,True,False,False,False,False,True,False,True,False,False,False,False,False,False,False,True,False,False,False,False,other,False
c/0 iper montebello spa.,VIA,PALAZZOLO DON LUIGI,20,7522,8,accesso esterno,0,Non specificato,somministrazione,Assente,al banco,57.0,True,False,False,False,False,True,False,True,False,False,False,False,False,False,False,True,False,False,False,False,other,False
Non specificata,PIAZZA,SAN BABILA,3,216,1,accesso interno,316,Non specificato,somministrazione,Assente,al banco,164.0,True,False,False,False,False,False,False,True,False,False,False,False,False,False,False,False,False,False,False,False,other,False
bar c/o  iw bank spa.,VIA,CAVRIANA,20,3317,4,accesso interno,27,iw bank s.p.a.,somministrazione,Assente,al banco,176.0,True,False,False,False,False,False,False,True,False,False,False,False,False,False,False,False,False,False,False,False,company,False
int.scalo ferroviario,VIA,CIMA CAMILLO E OTTO,50,2690,3,accesso interno,158,scalo ferroviario,somministrazione,Assente,al banco,50.0,True,False,False,False,False,False,False,True,False,False,False,False,False,False,False,False,False,False,False,False,other,False
istituto itis lagrange,VIA,LITTA MODIGNANI ALESSANDRO,65,1539,9,accesso interno,75,i.i.s. g.l. lagrange,somministrazione,Assente,al banco,20.0,True,False,False,False,False,False,False,True,False,False,False,False,False,False,False,False,False,False,False,False,other,False
nt.scuola caravaggio,VIA,PRINETTI LUIGI,47,2329,2,accesso interno,261,l.a. caravaggio,somministrazione,Assente,al banco,49.0,True,False,False,False,False,False,False,True,False,False,False,False,False,False,False,False,False,False,False,False,school,False
Non specificata,CORSO,GARIBALDI GIUSEPPE,99,1010,1,accesso interno,0,Non specificato,somministrazione,Assente,al banco,15.0,True,False,False,False,False,False,False,True,False,False,False,False,False,False,False,True,False,False,False,False,other,False
bar int.ist.prof.correnti,VIA,ALCUINO,4,7165,8,accesso interno,42,i.p.i.a. cesare correnti,somministrazione,Assente,al banco,41.0,True,False,False,False,False,False,False,True,False,False,False,False,False,False,False,True,False,False,False,False,horeca,False
bar,PIAZZA,FRATTINI PIETRO,008,5389,6,accesso esterno,124,Non specificato,somministrazione,Assente,misto,50.0,True,True,False,False,False,False,False,True,False,False,False,False,False,False,False,True,False,False,False,False,horeca,False
ist. geriatrico piero rel,VIA,BARTOLOMEO D'ALVIANO,78,6612,6,accesso interno,29,istituto geriatrico radael,somministrazione,Assente,misto,103.0,True,False,False,False,False,False,False,True,False,False,False,False,False,False,False,True,False,False,False,False,other,False
Non specificata,VIA,RIZZOLI ANGELO,2,2588,3,accesso interno,11,cral rcs rizzoli s.p.a.,somministrazione,Assente,al banco,100.0,True,False,False,False,False,False,False,True,True,False,False,False,False,False,False,True,False,False,False,False,company,False
centro scolas.gallaratese,VIA,NATTA GIULIO,11,6860,8,accesso interno,91,centro scolastico gallarat,somministrazione,Assente,self service,126.0,True,False,False,False,False,False,False,True,False,True,False,False,False,False,False,False,False,False,False,False,other,False
c/o grup.credito valtelli,VIA,FELTRE,75,2652,3,accesso interno,63,stelline servizi imm.ri cr,somministrazione,Assente,self service,123.0,True,False,False,False,False,False,False,True,False,True,False,False,False,False,True,False,True,False,True,False,other,False
Non specificata,VIA,LARGA,7,318,1,accesso interno,325,Non specificato,somministrazione,Assente,misto,50.0,True,False,False,False,False,False,False,True,False,False,False,False,True,False,False,False,False,False,False,False,other,False
Non specificata,VIA,POERIO CARLO,14,3181,3,accesso interno,156,Non specificato,somministrazione,Assente,misto,118.0,True,False,False,False,False,False,False,True,False,False,False,False,True,False,False,False,False,False,False,False,other,False
night club porta d oro,PIAZZA,DIAZ ARMANDO,3,339,1,accesso esterno,422,Non specificato,somministrazione,Assente,misto,190.0,True,False,False,False,False,False,True,True,False,False,False,False,True,False,False,False,False,False,False,False,other,False
si,VIA,BORSIERI PIETRO,37,1128,9,accesso esterno,263,Non specificato,somministrazione,Assente,misto,196.0,True,False,False,False,False,False,True,True,False,False,False,False,True,False,False,False,False,False,False,False,other,False
Non specificata,VIA,TRIBONIANO,240,7444,8,accesso interno,72,Non specificato,somministrazione,Assente,misto,214.0,True,False,False,False,False,False,False,True,False,False,False,False,True,False,True,False,False,False,False,False,other,False
g,VIA,BONNET NINO,11,1109,9,accesso esterno,315,Non specificato,somministrazione,Assente,al banco,190.0,True,False,False,False,False,False,True,True,False,False,False,False,False,False,False,False,False,False,False,False,other,False
the black - discoteca,VIA,CESARIANO CESARE,10,7113,1,accesso esterno,112,Non specificato,somministrazione,Assente,al banco,286.0,True,False,False,False,False,False,True,True,False,False,False,False,False,False,False,False,False,False,False,False,other,False
top town,VIA,BARACCHINI FLAVIO,7,356,1,accesso esterno,392,Non specificato,somministrazione,Assente,misto,134.0,True,False,False,False,False,False,True,True,False,False,False,False,False,False,False,False,False,False,False,False,other,False
Non specificata,VIA,CASALE,7,5118,6,accesso esterno,51,Non specificato,somministrazione,Assente,misto,164.0,True,False,False,False,False,False,True,True,False,False,False,False,True,False,True,False,False,True,False,True,other,False
Non specificata,VIA,CARACCIOLO FRANCESCO,52,7182,8,accesso interno,6,craem a.2 a. s.p.a.,somministrazione,Assente,al banco,100.0,True,False,False,False,False,False,False,True,False,False,False,False,False,False,False,True,False,False,False,False,company,False
Non specificata,VIA,CLERICI,10,114,1,accesso esterno,379,circolo filologico milanes,somministrazione,Assente,misto,154.0,True,False,False,False,False,False,False,True,False,False,False,False,False,False,False,True,False,False,False,False,other,False
Non specificata,VIA,DELLE BETULLE,16,6828,7,accesso interno,240,parrocchia,somministrazione,minuto,al banco,40.0,True,False,False,False,False,False,False,True,False,False,False,False,False,False,False,True,False,False,False,False,other,False
Non specificata,VIA,FAVRETTO GIACOMO,11,6120,6,accesso interno,302,Non specificato,somministrazione,Assente,al banco,84.0,True,False,False,False,False,False,False,True,False,False,False,False,False,False,False,True,False,False,False,False,other,False
Non specificata,VIA,MERAVIGLI,012,614,1,accesso interno,0,Non specificato,somministrazione,Assente,al banco,16.0,True,False,False,False,False,False,False,True,False,False,False,False,False,False,False,True,False,False,False,False,other,False
Non specificata,VIA,SILVA GUGLIELMO,38,6400,8,accesso interno,208,bar cral inps,somministrazione,Assente,al banco,139.0,True,False,False,False,False,False,False,True,False,False,False,False,False,False,False,True,False,False,False,False,horeca,False
zelig area,VIALE,MONZA,140,2274,2,accesso interno,173,cooperativa,somministrazione,Assente,al banco,60.0,True,False,False,False,False,False,False,True,False,False,False,False,False,False,False,True,False,False,False,False,other,False
bar caffe,VIA,SALOMONE ORESTE,084,3325,4,accesso interno,0,Non specificato,somministrazione,Assente,al banco,48.0,True,False,False,False,False,False,False,True,False,False,False,False,False,False,False,True,False,False,False,False,horeca,False
bar/parrocchia s.gabriele,VIA,TERMOPILI,7,2297,2,accesso interno,332,parrocchia,somministrazione,Assente,al banco,141.0,True,False,False,False,False,False,False,True,False,False,False,False,False,False,False,True,False,False,False,False,horeca,False
c/o cons.region.lombardia,VIA,FILZI FABIO,22,1190,2,accesso interno,299,consiglio reg. lombardia,somministrazione,Assente,al banco,48.0,True,False,False,False,False,False,False,True,False,False,False,False,False,False,False,True,False,False,False,False,horeca,False
Non specificata,VIA,PADOVA,91,2275,2,accesso interno,298,Non specificato,somministrazione,Assente,al banco,45.0,True,False,False,False,False,True,False,True,False,False,False,False,False,False,False,True,False,False,False,False,other,False
casa riposo famagosta,VIA,DI RUDINI' ANTONIO,3,5429,6,accesso interno,98,rsa famagosta,somministrazione,Assente,al banco,299.0,True,False,False,False,False,True,False,True,False,False,False,False,False,False,False,True,False,False,False,False,other,False
Non specificata,VIA,GIOIA MELCHIORRE,22,1108,9,accesso interno,297,circolo dipendenti inps),somministrazione,Assente,al banco,128.0,True,True,False,False,False,True,False,True,False,False,False,False,False,False,False,True,False,False,False,False,other,False
c-side,VIA,CASTELBARCO GIAN CARLO,013,4201,5,accesso esterno,118,Non specificato,somministrazione,Assente,misto,144.0,True,False,False,False,False,False,True,True,False,False,False,False,False,False,False,True,False,False,False,False,other,False
bar metro,VIA,SANTA RADEGONDA,000,208,1,accesso interno,997,Non specificato,somministrazione,Assente,misto,48.0,True,True,False,False,False,False,False,True,False,False,False,False,False,False,False,False,False,False,False,False,horeca,False
bar caffe  (erg petroli),VIA,TRILUSSA,3,7367,8,accesso esterno,60,impianto carburanti erg),somministrazione,Assente,al banco,76.0,True,True,False,False,False,False,False,True,False,False,False,False,False,False,False,True,False,False,False,False,horeca,False
int.teatro ciak,VIA,SANGALLO,33,3208,3,accesso interno,160,Non specificato,somministrazione,Assente,al banco,40.0,True,True,False,False,False,False,False,True,False,False,False,False,False,False,False,True,False,False,False,False,other,False
stazione di serv. esso,VIALE,RUBICONE,31,1568,9,accesso esterno,0,Non specificato,somministrazione,Assente,al banco,25.0,True,True,False,False,False,False,False,True,False,False,False,True,False,False,False,False,False,False,False,False,other,False
bar caffe,PIAZZA,VENTIQUATTRO MAGGIO,1,5200,5,accesso interno,0,Non specificato,somministrazione,Assente,misto,126.0,True,True,False,False,False,True,False,True,False,False,False,False,False,False,False,True,False,False,False,False,horeca,False
c/o multisala ducale,PIAZZA,NAPOLI,27,5131,6,accesso interno,0,cinema multisala ducale,somministrazione,Assente,al banco,38.0,True,False,False,False,False,False,False,True,False,False,False,False,False,False,False,False,False,False,False,False,other,False
Non specificata,VIA,AIRAGHI GAETANO,61,6330,7,accesso interno,0,Non specificato,somministrazione,Assente,al banco,217.0,True,False,False,False,False,True,False,True,False,False,False,False,False,False,False,False,False,False,False,False,other,False
bar int.sala giochi,VIALE,CERTOSA,177,7174,8,accesso esterno,222,Non specificato,somministrazione,Assente,al banco,130.0,True,False,False,False,False,True,False,True,False,False,False,False,False,False,False,True,False,False,False,False,horeca,False
bar in sala da ballo,VIA,PARAVIA PIER ALESSANDRO,59,6571,7,accesso esterno,240,Non specificato,somministrazione,Assente,al banco,132.0,True,False,False,False,False,True,True,True,False,False,False,False,False,False,False,True,False,False,False,False,horeca,False
mia divina,VIA,CROCEFISSO,27,587,1,accesso esterno,476,Non specificato,somministrazione,Assente,al tavolo,302.0,True,False,False,False,False,True,True,True,False,False,False,False,False,False,False,True,False,False,False,False,other,False
bar,VIA,LAMBRUSCHINI RAFFAELE,15,7271,9,accesso interno,0,Non specificato,somministrazione,Assente,al banco,45.0,True,False,False,False,False,True,False,True,False,False,False,False,False,False,False,True,False,False,False,False,horeca,False
Non specificata,VIA,PLINIO CAIO SECONDO,63,2144,3,accesso interno,108,trattenimenti danzanti,somministrazione,Assente,al banco,365.0,True,False,False,False,False,False,False,True,False,False,False,False,False,False,False,False,False,False,False,False,other,False
int.f.f.s.s. (trenitalia),VIA,CORELLI ARCANGELO,61,3243,3,accesso interno,3,f.s direz.compartimentale,somministrazione,Assente,al banco,172.0,True,False,False,False,False,False,False,True,False,False,False,False,False,False,False,True,False,False,False,False,other,False
Non specificata,VIA,GALLURA,8,4256,5,accesso interno,0,Non specificato,somministrazione,Assente,al banco,30.0,False,False,False,False,False,False,False,True,False,False,False,False,False,False,False,False,False,False,False,False,other,False
bar tabacchi,VIA,RICCIARELLI DANIELE,11,6553,7,accesso interno,0,Non specificato,somministrazione,Assente,al banco,98.0,True,False,False,False,False,False,False,True,True,False,False,False,False,False,False,False,False,False,False,False,horeca,False
bar caffe,VIA,TERAMO,31,5365,6,accesso esterno,71,Non specificato,somministrazione,Assente,al banco,48.0,True,False,False,False,False,False,False,True,True,False,False,False,False,False,False,True,False,False,False,False,horeca,False
Non specificata,VIALE,RICHARD GIULIO,20,5374,6,accesso interno,16,Non specificato,somministrazione,Assente,al banco,150.0,True,False,False,False,False,False,False,True,False,False,False,False,False,False,False,False,False,False,False,False,other,False
c/0 hotel michelangelo,VIA,SCARLATTI DOMENICO,33,2136,2,accesso interno,39,hotel michelangelo,somministrazione,Assente,self service,101.0,False,False,False,False,False,False,False,True,False,True,False,False,False,False,False,False,False,False,False,False,other,False
casa riposo music.g.verdi,PIAZZA,BUONARROTI MICHELANGELO,29,6252,7,accesso interno,192,casa di riposo per musicis,somministrazione,Assente,misto,160.0,False,False,False,False,False,False,False,True,False,True,False,False,False,False,False,False,False,False,False,False,other,False
c/o casa di riposo,VIA,PITTERI RICCARDO,81,2674,3,accesso interno,0,residenza santa giulia,somministrazione,Assente,self service,150.0,False,False,False,False,False,False,False,True,False,True,False,False,False,False,False,False,False,False,False,False,other,False
c/o shwarz farma spa.,VIA,GADAMES,057,7423,8,accesso interno,0,schwarz pharma spa - ang.,somministrazione,Assente,self service,80.0,False,False,False,False,False,False,False,True,False,True,False,False,False,False,False,False,False,False,False,False,other,False
c/o txt e -solutions spa.,VIA,FRIGIA,27,2439,2,accesso interno,35,txt e-solutions spa,somministrazione,Assente,self service,170.0,False,False,False,False,False,False,False,True,False,True,False,False,False,False,False,False,False,False,False,False,other,False
mensa int.provincia,VIA,VIVAIO,1,3041,1,accesso interno,98,provincia di milano,somministrazione,Assente,self service,190.0,False,False,False,False,False,False,False,True,False,True,False,False,False,False,False,False,False,False,False,False,other,False
bar cral m.c.t.c.,VIA,CILEA FRANCESCO,119,7526,8,accesso interno,9,Non specificato,somministrazione,Assente,al banco,58.0,False,False,False,False,False,False,False,True,False,False,False,True,False,False,False,False,False,False,False,False,horeca,False
fnac cafe,VIA,DELLA PALLA,2,586,1,accesso interno,0,Non specificato,somministrazione,Assente,misto,60.0,True,True,False,False,False,False,False,True,False,False,False,True,False,False,False,True,False,False,False,False,other,False
Non specificata,VIA,CELORIA GIOVANNI,10,2209,3,accesso interno,121,università degli studi,somministrazione,Assente,al banco,105.0,True,False,False,False,False,False,False,True,False,False,False,True,False,False,False,True,False,False,False,False,school,True
Non specificata,VIA,GAREGNANO,38,7413,8,accesso interno,0,Non specificato,somministrazione,Assente,al banco,140.0,False,False,False,False,False,False,False,True,False,False,False,False,True,False,False,False,False,False,False,False,other,False
Non specificata,VIA,SAN PAOLO,10,212,1,accesso interno,361,società del giardino,somministrazione,Assente,al banco,175.0,False,False,False,False,False,False,False,True,False,False,False,False,True,False,False,False,False,False,False,False,other,False
Non specificata,VIA,VALVASSORI PERONI CARLO,8,2580,3,accesso interno,0,Non specificato,somministrazione,Assente,al banco,141.0,False,False,False,False,False,False,False,True,False,False,False,False,True,False,False,False,False,False,False,False,other,False
int.centro sportivo,VIA,CASCINA BELLARIA,19,6744,7,accesso esterno,112,Non specificato,somministrazione,Assente,misto,230.0,True,False,False,False,False,False,False,True,False,False,False,False,True,False,False,False,False,False,False,False,other,False
spizzico,PIAZZALE,CADORNA LUIGI,000,601,1,accesso interno,164,Non specificato,somministrazione,Assente,al banco,116.0,True,True,False,False,False,False,False,True,False,False,True,False,True,False,True,True,True,False,True,False,other,False
Non specificata,VIA,DEI PICCOLOMINI,2,6513,7,area aperta recintata,178,Non specificato,somministrazione,Assente,al tavolo,152.0,False,False,False,False,False,False,False,True,False,False,False,False,True,False,False,False,False,True,False,True,other,False
interno palestra get.fit.,VIA,PIACENZA,4,4064,5,accesso interno,195,Non specificato,somministrazione,Assente,al banco,59.0,True,False,False,False,False,False,False,True,False,False,False,False,True,False,False,True,False,True,False,True,other,False
bar tabacchi,PIAZZA,MONTE TITANO,1,2654,3,accesso interno,92,Non specificato,somministrazione,Assente,misto,84.0,True,False,False,False,False,True,False,True,False,False,False,False,True,False,False,True,False,True,False,True,horeca,False
il teatrino,VIA,REDI FRANCESCO,2,2149,3,accesso esterno,79,Non specificato,somministrazione,Assente,al tavolo,50.0,True,False,False,False,False,False,True,True,False,False,False,False,False,False,False,False,False,False,False,False,other,False
ub,VIA,CAVRIANA,7,3317,4,area aperta recintata,28,Non specificato,somministrazione,Assente,misto,360.0,True,False,False,False,False,False,True,True,False,False,False,True,False,False,False,False,False,False,False,False,other,False
interno palestra,VIA,RAVIZZA CARLO,4,6285,7,accesso esterno,194,Non specificato,somministrazione,Assente,misto,136.0,True,False,False,False,False,False,False,True,False,False,False,False,True,False,False,False,False,True,False,True,other,False
bar/tav.calda int.palestr,VIA,PIRANESI GIOVANNI BATTISTA,9,3263,4,accesso interno,265,Non specificato,somministrazione,Assente,misto,65.0,True,False,False,False,False,False,False,True,False,False,False,False,False,False,True,False,False,False,False,False,horeca,False
Non specificata,VIA,PIERLUIGI GIOVANNI DA PALESTRINA,7,2235,3,accesso interno,16,parrocchia ss redentore,somministrazione,Assente,misto,170.0,True,False,False,False,False,False,False,True,False,False,False,False,False,False,False,True,False,False,False,False,other,False
Non specificata,VIA,LA FARINA GIUSEPPE,15,1625,9,accesso interno,50,circolo acli bicocca,somministrazione,Assente,al banco,76.0,True,False,False,False,False,False,False,True,False,False,False,False,False,False,False,True,False,False,False,False,other,False
Non specificata,VIA,MEDA GIUSEPPE,50,5242,5,accesso interno,8,circolo parrocch. canossa,somministrazione,Assente,al banco,51.0,True,False,False,False,False,False,False,True,False,False,False,False,False,False,False,True,False,False,False,False,other,False
casa cura priv.policlinic,VIA,DEZZA GIUSEPPE,48,6108,7,accesso interno,299,casa di cura privata del p,somministrazione,Assente,al banco,112.0,True,False,False,False,False,False,False,True,False,False,False,False,False,False,False,True,False,False,False,False,hospital,False
circolo int. corriere del,VIA,SOLFERINO,28,1028,1,accesso interno,176,corriere della sera,somministrazione,Assente,al banco,350.0,True,False,False,False,False,False,False,True,False,False,False,False,False,False,False,True,False,False,False,False,other,False
int.corriere della sera,VIA,CEFALU',40,7370,8,accesso interno,199,corriere della sera,somministrazione,Assente,al banco,46.0,True,False,False,False,False,False,False,True,False,False,False,False,False,False,False,True,False,False,False,False,other,False
trendy,VIA,QUARENGHI GIACOMO,23,7478,8,accesso interno,300,Non specificato,somministrazione,Assente,self service,224.0,True,False,False,False,False,False,False,True,False,False,True,False,True,False,True,True,True,False,True,False,other,False
area di servizio,VIALE,RUBICONE,30,1568,9,accesso esterno,0,Non specificato,somministrazione,Assente,al banco,132.0,True,True,False,False,False,False,False,True,False,False,False,False,False,False,False,True,False,False,False,False,other,False
Non specificata,PIAZZA,TIRANA,17,5378,6,area aperta recintata,157,dopolavoro ff ss,somministrazione,Assente,misto,71.0,True,False,False,True,True,False,False,True,False,False,False,False,False,False,False,True,False,False,False,False,other,False
Non specificata,VIA,ALDINI ANTONIO,33,7461,8,accesso interno,120,parrocchia santi mm. nazar,minuto,somministrazione,misto,49.0,True,False,False,False,False,True,False,True,False,False,False,False,False,False,False,True,False,False,False,False,other,False
bar c/o universita,VIA,GOLGI CAMILLO,19,2220,3,accesso interno,122,università,somministrazione,Assente,self service,98.0,True,False,False,False,False,True,False,True,False,False,False,False,False,False,False,True,False,False,False,False,school,False
Non specificata,VIA,PERGOLESI GIOVANNI BATTISTA,2,2231,3,accesso interno,16,dopolavoro ferroviario,somministrazione,Assente,al banco,115.0,True,False,False,False,False,True,False,True,True,False,False,False,False,False,False,True,False,False,False,False,other,False
burger king  (fast-food),PIAZZALE,CADORNA LUIGI,000,601,1,accesso interno,0,Non specificato,somministrazione,Assente,al banco,131.0,True,True,False,False,False,False,False,True,False,False,True,False,True,False,True,True,True,False,True,False,other,False
Non specificata,CORSO,DI PORTA VITTORIA,001,3016,1,accesso interno,0,Non specificato,somministrazione,Assente,al banco,92.0,True,False,False,False,False,False,False,True,False,False,False,True,False,False,False,True,False,False,False,False,other,False
alcatraz,VIA,VALTELLINA,021,1188,9,accesso esterno,0,Non specificato,somministrazione,Assente,al banco,127.0,True,False,False,False,False,True,True,True,False,False,False,False,False,False,False,True,False,False,False,False,other,False
il treno arte diletto,VIA,SAN GREGORIO,46,2123,2,accesso esterno,69,Non specificato,somministrazione,Assente,misto,395.0,True,False,True,True,True,False,True,False,False,False,False,False,True,False,False,False,False,False,False,False,other,False
Non specificata,PIAZZA,CORIOLANO,002,7231,8,accesso interno,0,Non specificato,somministrazione,Assente,al banco,84.0,False,False,False,False,False,False,False,False,True,False,False,False,False,False,False,False,False,False,False,False,other,False
Non specificata,VIA,BORSI GIOSUE',18,5237,6,accesso interno,78,Non specificato,somministrazione,Assente,al banco,83.0,False,False,False,False,False,False,False,False,True,False,False,False,False,False,False,False,False,False,False,False,other,False
Non specificata,VIA,DON BOSCO,4,4144,4,accesso interno,0,Non specificato,somministrazione,Assente,al banco,83.0,False,False,False,False,False,False,False,False,True,False,False,False,False,False,False,False,False,False,False,False,other,False
Non specificata,VIA,ROSMINI ANTONIO,001,7132,1,accesso interno,0,Non specificato,somministrazione,Assente,al banco,83.0,False,False,False,False,False,False,False,False,True,False,False,False,False,False,False,False,False,False,False,False,other,False
Non specificata,VIA,VAL TROMPIA,49,7494,8,accesso interno,0,Non specificato,somministrazione,Assente,al banco,83.0,False,False,False,False,False,False,False,False,True,False,False,False,False,False,False,False,False,False,False,False,other,False
Non specificata,VIALE,LIGURIA,26,5264,6,accesso interno,156,Non specificato,somministrazione,Assente,al banco,83.0,False,False,False,False,False,False,False,False,True,False,False,False,False,False,False,False,False,False,False,False,other,False
bar c/o circ.ricr.vignati,VIA,VIGNATI CESARE,18,1515,9,accesso interno,190,Non specificato,somministrazione,Assente,al banco,190.0,False,False,False,False,False,False,False,False,True,False,False,False,False,False,False,False,False,False,False,False,horeca,False
Non specificata,VIA,TOMMEI UGO,3,3226,4,accesso interno,86,circolo arci ricotti,somministrazione,Assente,misto,147.0,True,False,False,False,False,False,False,False,True,False,False,False,False,False,False,False,False,False,False,False,other,False
circolo arci,VIA,LORENTEGGIO,183,5132,6,accesso interno,132,circolo arci guidetti,somministrazione,Assente,al banco,52.0,True,False,False,False,False,False,False,False,True,False,False,False,False,False,False,False,False,False,False,False,other,False
Non specificata,VIA,GOZZOLI BENOZZO,140,6789,7,accesso esterno,0,Non specificato,somministrazione,Assente,al banco,83.0,True,False,False,False,False,False,False,False,True,False,False,False,False,False,True,False,True,False,True,False,other,False
Non specificata,PIAZZALE,FERRARA,2,4158,4,accesso interno,125,Non specificato,somministrazione,Assente,al banco,19.0,True,False,False,False,False,False,False,True,True,False,False,False,False,False,False,True,False,False,False,False,other,False
bar metro,VIA,DEL VECCHIO POLITECNICO,8,2101,1,accesso interno,0,Non specificato,somministrazione,Assente,al banco,163.0,True,True,False,False,False,True,False,True,True,False,False,False,False,False,False,True,False,False,False,False,horeca,False
Non specificata,VIA,GALLARATE,64,7420,8,accesso interno,0,Non specificato,somministrazione,Assente,al banco,97.0,True,False,False,False,False,False,False,False,True,False,False,False,False,False,False,True,False,False,False,False,other,False
Non specificata,VIA,SATTA SEBASTIANO,20,7352,8,accesso interno,0,Non specificato,somministrazione,Assente,al banco,83.0,False,False,False,False,False,False,False,False,False,False,False,False,False,False,False,False,False,False,False,False,other,False
Non specificata,VIA,GIOIA MELCHIORRE,193,1108,2,accesso interno,120,circolo sa.ma.cor.,somministrazione,Assente,al banco,41.0,False,False,False,False,False,False,False,False,False,False,False,False,False,True,False,False,False,False,False,False,other,False
Non specificata,VIA,MURIALDO PADRE LEONARDO,9,6687,6,accesso interno,92,parrocchia,somministrazione,Assente,misto,160.0,True,False,False,False,False,False,False,False,False,False,False,False,False,False,False,True,False,False,False,False,other,False
Non specificata,CORSO,COMO,15,1111,9,accesso esterno,316,Non specificato,somministrazione,Assente,al banco,50.0,True,False,False,False,False,False,True,True,False,False,False,False,False,False,False,False,False,False,False,False,other,False
Non specificata,CORSO,GARIBALDI GIUSEPPE,123,1010,1,accesso interno,0,Non specificato,somministrazione,Assente,self service,83.0,False,False,False,False,False,False,False,False,False,True,False,False,False,False,False,False,False,False,False,False,other,False
Non specificata,CORSO,CONCORDIA,3,3116,3,accesso esterno,174,mensa opera s. francesco,somministrazione,Assente,self service,243.0,False,False,False,False,False,False,False,False,False,True,False,False,False,False,False,False,False,False,False,False,other,False
Non specificata,CORSO,DI PORTA NUOVA,1,1044,1,accesso interno,8,mensa sidercomit,somministrazione,Assente,self service,334.0,False,False,False,False,False,False,False,False,False,True,False,False,False,False,False,False,False,False,False,False,other,False
Non specificata,CORSO,DI PORTA VIGENTINA,35,4026,1,accesso interno,42,Non specificato,somministrazione,Assente,self service,80.0,False,False,False,False,False,False,False,False,False,True,False,False,False,False,False,False,False,False,False,False,other,False
Non specificata,CORSO,EUROPA,2,300,1,accesso interno,0,uffici di google,somministrazione,Assente,self service,136.0,False,False,False,False,False,False,False,False,False,True,False,False,False,False,False,False,False,False,False,False,company,False
Non specificata,CORSO,ITALIA,19,526,1,accesso interno,330,mensa ussl,somministrazione,Assente,self service,191.0,False,False,False,False,False,False,False,False,False,True,False,False,False,False,False,False,False,False,False,False,other,False
mensa r.a.s.,CORSO,ITALIA,23,526,1,accesso interno,271,allianz s.p.a.,somministrazione,Assente,self service,139.0,False,False,False,False,False,False,False,False,False,True,False,False,False,False,False,False,False,False,False,False,company,False
Non specificata,CORSO,MAGENTA,24,604,1,accesso esterno,291,Non specificato,somministrazione,Assente,self service,384.0,False,False,False,False,False,False,False,False,False,True,False,False,False,False,False,False,False,False,False,False,other,False
Non specificata,CORSO,SEMPIONE,29,7137,8,accesso interno,90,Non specificato,somministrazione,Assente,self service,330.0,False,False,False,False,False,False,False,False,False,True,False,False,False,False,False,False,False,False,False,False,other,False
Non specificata,CORSO,VENEZIA,51,238,1,accesso interno,95,unione del commercio del t,somministrazione,Assente,misto,219.0,False,False,False,False,False,False,False,False,False,True,False,False,False,False,False,False,False,False,False,False,other,False
Non specificata,LARGO,GIAMBELLINO,121,5395,6,accesso interno,158,Non specificato,somministrazione,Assente,self service,130.0,False,False,False,False,False,False,False,False,False,True,False,False,False,False,False,False,False,False,False,False,other,False
Non specificata,LARGO,MISSIONARI COMBONIANI,3,1716,9,accesso interno,0,Non specificato,somministrazione,Assente,self service,91.0,False,False,False,False,False,False,False,False,False,True,False,False,False,False,False,False,False,False,False,False,other,False
Non specificata,PIAZZALE,F.LLI ZAVATTARI,12,6537,7,accesso esterno,205,italtel,somministrazione,Assente,self service,148.0,False,False,False,False,False,False,False,False,False,True,False,False,False,False,False,False,False,False,False,False,other,False
Non specificata,PIAZZALE,LODI,3,4249,4,accesso interno,0,allianz s.p.a.,somministrazione,Assente,self service,146.0,False,False,False,False,False,False,False,False,False,True,False,False,False,False,False,False,False,False,False,False,company,False
Non specificata,PORTA,CUCCIA ENRICO,1,150,1,accesso interno,0,uffici mediobanca s.p.a.,somministrazione,Assente,self service,201.0,False,False,False,False,False,False,False,False,False,True,False,False,False,False,False,False,False,False,False,False,company,False
Non specificata,PIAZZA,AGRIPPA MARCO,12,5338,5,accesso interno,0,centro diurno per disabili,somministrazione,Assente,self service,30.0,False,False,False,False,False,False,False,False,False,True,False,False,False,False,False,False,False,False,False,False,other,False
Non specificata,PIAZZA,CASERTA,6,1338,9,accesso interno,0,istituto di cultura e ling,somministrazione,Assente,self service,187.0,False,False,False,False,False,False,False,False,False,True,False,False,False,False,False,False,False,False,False,False,other,False
Non specificata,PIAZZA,DELLA REPUBBLICA,17,1055,2,accesso interno,0,albergo principe di savoia,somministrazione,Assente,self service,168.0,False,False,False,False,False,False,False,False,False,True,False,False,False,False,False,False,False,False,False,False,other,False
Non specificata,PIAZZA,FERRAVILLA EDOARDO,2,3125,3,accesso interno,184,Non specificato,somministrazione,Assente,self service,29.0,False,False,False,False,False,False,False,False,False,True,False,False,False,False,False,False,False,False,False,False,other,False
Non specificata,PIAZZA,FILANGIERI GAETANO,2,6224,1,accesso interno,0,casa circondariale di mila,somministrazione,Assente,self service,301.0,False,False,False,False,False,False,False,False,False,True,False,False,False,False,False,False,False,False,False,False,other,False
Non specificata,PIAZZA,MARTELLI FRANCO,003,1614,9,accesso interno,22,mensa siderotermica spa,somministrazione,Assente,self service,197.0,False,False,False,False,False,False,False,False,False,True,False,False,False,False,False,False,False,False,False,False,other,False
Non specificata,PIAZZA,MONTE TITANO,9,2654,3,accesso interno,0,ditte convenzionate,somministrazione,Assente,self service,50.0,False,False,False,False,False,False,False,False,False,True,False,False,False,False,False,False,False,False,False,False,other,False
Non specificata,PIAZZA,PIO XI,6,572,1,accesso interno,0,banca d'italia,somministrazione,Assente,self service,149.0,False,False,False,False,False,False,False,False,False,True,False,False,False,False,False,False,False,False,False,False,other,False
Non specificata,PIAZZA,TRENTO,1,4220,5,accesso interno,197,Non specificato,somministrazione,Assente,self service,400.0,False,False,False,False,False,False,False,False,False,True,False,False,False,False,False,False,False,False,False,False,other,False
Non specificata,VIA,ADRIATICO,8,1598,9,accesso interno,75,mensa casa di riposo,somministrazione,Assente,self service,45.0,False,False,False,False,False,False,False,False,False,True,False,False,False,False,False,False,False,False,False,False,other,False
Non specificata,VIA,AGORDAT,50,2362,2,accesso interno,201,Non specificato,somministrazione,Assente,self service,119.0,False,False,False,False,False,False,False,False,False,True,False,False,False,False,False,False,False,False,False,False,other,False
Non specificata,VIA,ALDINI ANTONIO,52,7461,8,accesso interno,96,Non specificato,somministrazione,Assente,self service,60.0,False,False,False,False,False,False,False,False,False,True,False,False,False,False,False,False,False,False,False,False,other,False
Non specificata,VIA,ALSERIO,10,1153,9,accesso interno,255,selezione spa,somministrazione,Assente,self service,150.0,False,False,False,False,False,False,False,False,False,True,False,False,False,False,False,False,False,False,False,False,other,False
Non specificata,VIA,AMADEO GIAN ANTONIO,11,3228,3,accesso interno,170,Non specificato,somministrazione,Assente,self service,180.0,False,False,False,False,False,False,False,False,False,True,False,False,False,False,False,False,False,False,False,False,other,False
Non specificata,VIA,AMADEO GIAN ANTONIO,42,3228,3,accesso interno,0,istituto nazionale dei tum,somministrazione,Assente,self service,87.0,False,False,False,False,False,False,False,False,False,True,False,False,False,False,False,False,False,False,False,False,other,False
Non specificata,VIA,AMPERE ANDREA MARIA,30,2428,3,accesso interno,52,elettrocondutture,somministrazione,Assente,al banco,125.0,False,False,False,False,False,False,False,False,False,True,False,False,False,False,False,False,False,False,False,False,other,False
Non specificata,VIA,AMPEZZO,8,7392,8,accesso interno,0,scuola maria consolatrice,somministrazione,Assente,self service,312.0,False,False,False,False,False,False,False,False,False,True,False,False,False,False,False,False,False,False,False,False,school,False
Non specificata,VIA,ANTONINI GIACOMO,3,4250,5,accesso interno,94,mensa opera pia,somministrazione,Assente,self service,152.0,False,False,False,False,False,False,False,False,False,True,False,False,False,False,False,False,False,False,False,False,other,False
Non specificata,VIA,ARCONATI COSTANZA,1,3211,4,accesso interno,62,mensa sandoz spa,somministrazione,Assente,self service,250.0,False,False,False,False,False,False,False,False,False,True,False,False,False,False,False,False,False,False,False,False,other,False
Non specificata,VIA,ARMORARI,3,519,1,accesso interno,434,mensa banca d'italia,somministrazione,Assente,self service,244.0,False,False,False,False,False,False,False,False,False,True,False,False,False,False,False,False,False,False,False,False,other,False
Non specificata,VIA,ARMORARI,4,519,1,accesso interno,435,credito commerciale,somministrazione,Assente,self service,113.0,False,False,False,False,False,False,False,False,False,True,False,False,False,False,False,False,False,False,False,False,other,False
Non specificata,VIA,ARNALDO DA BRESCIA,4,1151,9,accesso interno,252,telecom italia,somministrazione,Assente,self service,278.0,False,False,False,False,False,False,False,False,False,True,False,False,False,False,False,False,False,False,False,False,other,False
Non specificata,VIA,ARZAGA,10,6674,6,accesso interno,40,Non specificato,somministrazione,Assente,self service,400.0,False,False,False,False,False,False,False,False,False,True,False,False,False,False,False,False,False,False,False,False,other,False
Non specificata,VIA,AUSONIO,13,5093,1,accesso interno,223,centro enogastronomia,somministrazione,Assente,al tavolo,53.0,False,False,False,False,False,False,False,False,False,True,False,False,False,False,False,False,False,False,False,False,other,False
Non specificata,VIA,BALDINUCCI FILIPPO,85,1267,9,accesso interno,34,teatro alls scala,somministrazione,Assente,self service,136.0,False,False,False,False,False,False,False,False,False,True,False,False,False,False,False,False,False,False,False,False,other,False
Non specificata,VIA,BALDISSERA ANTONIO,5,2164,3,accesso interno,113,mensa gillette group spa,somministrazione,Assente,self service,102.0,False,False,False,False,False,False,False,False,False,True,False,False,False,False,False,False,False,False,False,False,other,False
Non specificata,VIA,BARONA,2,5356,6,accesso interno,0,asilo nido,somministrazione,Assente,self service,44.0,False,False,False,False,False,False,False,False,False,True,False,False,False,False,False,False,False,False,False,False,other,False
Non specificata,VIA,BARONI COSTANTINO,071,5422,5,accesso interno,0,rsa gratosoglio,somministrazione,Assente,self service,148.0,False,False,False,False,False,False,False,False,False,True,False,False,False,False,False,False,False,False,False,False,other,False
Non specificata,VIA,BARTOLINI LORENZO,46,7178,8,accesso interno,0,scuola materna montessori,somministrazione,Assente,self service,85.0,False,False,False,False,False,False,False,False,False,True,False,False,False,False,False,False,False,False,False,False,school,False
Non specificata,VIA,BASSI UGO,2,1143,9,accesso interno,258,mensa dip. regione lombar.,somministrazione,Assente,self service,175.0,False,False,False,False,False,False,False,False,False,True,False,False,False,False,False,False,False,False,False,False,public_office,False
Non specificata,VIA,BELLERIO CARLO,41,1551,9,accesso interno,0,lega nord,somministrazione,Assente,self service,135.0,False,False,False,False,False,False,False,False,False,True,False,False,False,False,False,False,False,False,False,False,other,False
Non specificata,VIA,BELLINI GENTILE,1,5387,6,accesso interno,0,international school of eu,somministrazione,Assente,self service,189.0,False,False,False,False,False,False,False,False,False,True,False,False,False,False,False,False,False,False,False,False,other,False
Non specificata,VIA,BERGOGNONE AMBROGIO DA FOSSANO,59,5130,6,accesso interno,0,giorgio armani distribuzio,somministrazione,Assente,self service,146.0,False,False,False,False,False,False,False,False,False,True,False,False,False,False,False,False,False,False,False,False,other,False
Non specificata,VIA,BERNINA,12,1224,9,accesso interno,104,siemens spa,somministrazione,Assente,al banco,220.0,False,False,False,False,False,False,False,False,False,True,False,False,False,False,False,False,False,False,False,False,other,False
Non specificata,VIA,BERUTO CESARE,18,2586,3,accesso interno,87,Non specificato,somministrazione,Assente,self service,249.0,False,False,False,False,False,False,False,False,False,True,False,False,False,False,False,False,False,False,False,False,other,False
Non specificata,VIA,BIELLA,8,5305,6,accesso interno,45,prodotti antibiotici,somministrazione,Assente,self service,300.0,False,False,False,False,False,False,False,False,False,True,False,False,False,False,False,False,False,False,False,False,other,False
Non specificata,VIA,BISTOLFI LEONARDO,35,2682,3,accesso esterno,137,de nora spa,somministrazione,Assente,self service,255.0,False,False,False,False,False,False,False,False,False,True,False,False,False,False,False,False,False,False,False,False,other,False
Non specificata,VIA,BOCCONI FERDINANDO,30,4050,5,accesso interno,140,Non specificato,somministrazione,Assente,self service,200.0,False,False,False,False,False,False,False,False,False,True,False,False,False,False,False,False,False,False,False,False,other,False
Non specificata,VIA,BONCOMPAGNI CARLO,18,4182,4,accesso interno,0,Non specificato,somministrazione,Assente,self service,147.0,False,False,False,False,False,False,False,False,False,True,False,False,False,False,False,False,False,False,False,False,other,False
Non specificata,VIA,BONVESIN DE LA RIVA,12,3087,4,accesso interno,0,istituto maria ausiliatric,somministrazione,Assente,self service,79.0,False,False,False,False,False,False,False,False,False,True,False,False,False,False,False,False,False,False,False,False,other,False
Non specificata,VIA,BOSCOVICH RUGGERO,42,2131,3,accesso interno,0,centro socio culturale ric,somministrazione,Assente,self service,151.0,False,False,False,False,False,False,False,False,False,True,False,False,False,False,False,False,False,False,False,False,other,False
Non specificata,VIA,BOVIO GIOVANNI,16,1507,9,accesso interno,53,mensa villa spa,somministrazione,Assente,self service,61.0,False,False,False,False,False,False,False,False,False,True,False,False,False,False,False,False,False,False,False,False,other,False
Non specificata,VIA,BREDA ERNESTO,120,2342,2,accesso interno,62,mensa officine meccan. spa,somministrazione,Assente,self service,110.0,False,False,False,False,False,False,False,False,False,True,False,False,False,False,False,False,False,False,False,False,other,False
Non specificata,VIA,BROLETTO,13,720,1,accesso interno,377,mensa banca s. paolo,somministrazione,Assente,self service,76.0,False,False,False,False,False,False,False,False,False,True,False,False,False,False,False,False,False,False,False,False,other,False
Non specificata,VIA,BROLETTO,20,720,1,accesso interno,0,guccio gucci s.p.a.,somministrazione,Assente,self service,74.0,False,False,False,False,False,False,False,False,False,True,False,False,False,False,False,False,False,False,False,False,company,False
Non specificata,VIA,CADOLINI GIOVANNI,32,4098,4,accesso esterno,186,mensa kores spa,somministrazione,Assente,self service,80.0,False,False,False,False,False,False,False,False,False,True,False,False,False,False,False,False,False,False,False,False,other,False
Non specificata,VIA,CADOLINI GIOVANNI,34,4098,4,accesso interno,186,mensa zenith spa,somministrazione,Assente,self service,70.0,False,False,False,False,False,False,False,False,False,True,False,False,False,False,False,False,False,False,False,False,other,False
Non specificata,VIA,CAGNOLA LUIGI,11,7228,1,accesso interno,133,casa di riposo per anziani,somministrazione,Assente,self service,231.0,False,False,False,False,False,False,False,False,False,True,False,False,False,False,False,False,False,False,False,False,other,False
Non specificata,VIA,CANTONI GIOVANNI,2,6206,7,accesso interno,0,Non specificato,somministrazione,Assente,self service,48.0,False,False,False,False,False,False,False,False,False,True,False,False,False,False,False,False,False,False,False,False,other,False
Non specificata,VIA,CAPECELATRO ALFONSO,69,6575,7,accesso interno,235,air liquide italia srl,somministrazione,Assente,self service,146.0,False,False,False,False,False,False,False,False,False,True,False,False,False,False,False,False,False,False,False,False,company,False
Non specificata,VIA,CARCANO GIULIO,32,5248,5,accesso interno,13,messaggerie it. spa,somministrazione,Assente,self service,76.0,False,False,False,False,False,False,False,False,False,True,False,False,False,False,False,False,False,False,False,False,other,False
Non specificata,VIA,CARDINALE MEZZOFANTI,25,3277,4,accesso interno,0,scuola elementare,somministrazione,Assente,self service,208.0,False,False,False,False,False,False,False,False,False,True,False,False,False,False,False,False,False,False,False,False,school,False
Non specificata,VIA,CARNIA,26,2395,3,accesso interno,44,mensa ist. lusofarmaco spa,somministrazione,Assente,self service,80.0,False,False,False,False,False,False,False,False,False,True,False,False,False,False,False,False,False,False,False,False,other,False
c/o heinz spa,VIA,CASCINA BELCASULE,7,4238,5,accesso interno,160,telecom italia s.p.a.,somministrazione,Assente,self service,293.0,False,False,False,False,False,False,False,False,False,True,False,False,False,False,False,False,False,False,False,False,company,False
Non specificata,VIA,CASTELVETRO LODOVICO,017,7195,8,accesso interno,30,Non specificato,somministrazione,Assente,self service,196.0,False,False,False,False,False,False,False,False,False,True,False,False,False,False,False,False,False,False,False,False,other,False
Non specificata,VIA,CAVIGLIA ENRICO,1,4198,4,accesso interno,0,istituto st.louis school,somministrazione,Assente,self service,185.0,False,False,False,False,False,False,False,False,False,True,False,False,False,False,False,False,False,False,False,False,other,False
Non specificata,VIA,CAVIGLIA ENRICO,3,4198,4,accesso interno,32,mensa scuola europa,somministrazione,Assente,self service,102.0,False,False,False,False,False,False,False,False,False,True,False,False,False,False,False,False,False,False,False,False,school,False
Non specificata,VIA,CEFALONIA,18,7439,8,accesso interno,0,refettorio,somministrazione,Assente,self service,148.0,False,False,False,False,False,False,False,False,False,True,False,False,False,False,False,False,False,False,False,False,other,False
Non specificata,VIA,CEFALU',26,7370,8,accesso interno,176,sifta spa,somministrazione,Assente,self service,74.0,False,False,False,False,False,False,False,False,False,True,False,False,False,False,False,False,False,False,False,False,other,False
Non specificata,VIA,CELLINI BENVENUTO,14,3081,4,accesso interno,25,patronato san vincenzo,somministrazione,Assente,al tavolo,100.0,False,False,False,False,False,False,False,False,False,True,False,False,False,False,False,False,False,False,False,False,other,False
Non specificata,VIA,CERNOBBIO,5,1241,9,accesso interno,26,Non specificato,somministrazione,Assente,self service,150.0,False,False,False,False,False,False,False,False,False,True,False,False,False,False,False,False,False,False,False,False,other,False
Non specificata,VIA,CLERICETTI CELESTE,45,2221,3,accesso interno,0,scuola steineriana,somministrazione,Assente,self service,145.0,False,False,False,False,False,False,False,False,False,True,False,False,False,False,False,False,False,False,False,False,school,False
Non specificata,VIA,COLONNA MARCO ANTONIO,24,7158,8,accesso interno,335,mensa ist. padre beccaro,somministrazione,Assente,self service,270.0,False,False,False,False,False,False,False,False,False,True,False,False,False,False,False,False,False,False,False,False,other,False
Non specificata,VIA,COLONNA MARCO ANTONIO,35,7158,8,accesso interno,334,bosch s.p.a.,somministrazione,Assente,self service,114.0,False,False,False,False,False,False,False,False,False,True,False,False,False,False,False,False,False,False,False,False,company,False
Non specificata,VIA,COPERNICO NICOLO',003,1204,2,accesso interno,240,centro scolastico argonne,somministrazione,Assente,self service,233.0,False,False,False,False,False,False,False,False,False,True,False,False,False,False,False,False,False,False,False,False,other,False
Non specificata,VIA,CORTINA D'AMPEZZO,13,4259,5,accesso interno,111,mensa arti graf. ricordi,somministrazione,Assente,self service,290.0,False,False,False,False,False,False,False,False,False,True,False,False,False,False,False,False,False,False,False,False,other,False
Non specificata,VIA,COSENZ ENRICO,26,1464,9,accesso interno,6,Non specificato,somministrazione,Assente,self service,281.0,False,False,False,False,False,False,False,False,False,True,False,False,False,False,False,False,False,False,False,False,other,False
Non specificata,VIA,COTTOLENGO SAN GIUSEPPE,25,5375,6,accesso interno,0,asilo nido,somministrazione,Assente,self service,145.0,False,False,False,False,False,False,False,False,False,True,False,False,False,False,False,False,False,False,False,False,other,False
Non specificata,VIA,CRESPI BENIGNO,24,1313,9,accesso interno,71,mensa visconti modrone spa,somministrazione,Assente,self service,95.0,False,False,False,False,False,False,False,False,False,True,False,False,False,False,False,False,False,False,False,False,other,False
Non specificata,VIA,CRESPI BENIGNO,30,1313,9,accesso interno,0,istituto ludovico pavoni a,somministrazione,Assente,self service,147.0,False,False,False,False,False,False,False,False,False,True,False,False,False,False,False,False,False,False,False,False,other,False
Non specificata,VIA,DE CASTILLIA GAETANO,006,1123,9,accesso interno,0,tecnimont spa,somministrazione,Assente,self service,300.0,False,False,False,False,False,False,False,False,False,True,False,False,False,False,False,False,False,False,False,False,other,False
Non specificata,VIA,DEI CALCHI TAEGGI,20,6706,6,accesso interno,0,istit. penitenziario minor,somministrazione,Assente,self service,418.0,False,False,False,False,False,False,False,False,False,True,False,False,False,False,False,False,False,False,False,False,other,False
Non specificata,VIA,DEI FONTANILI,34,4224,5,accesso interno,39,mensa cifast spa,somministrazione,Assente,self service,107.0,False,False,False,False,False,False,False,False,False,True,False,False,False,False,False,False,False,False,False,False,other,False
Non specificata,VIA,DEI VALTORTA,43,2324,2,accesso interno,190,mensa elettrocondutture,somministrazione,Assente,al banco,325.0,False,False,False,False,False,False,False,False,False,True,False,False,False,False,False,False,False,False,False,False,other,False
Non specificata,VIA,DEL FANTE COSIMO,19,5192,1,accesso interno,209,mensa i.s.f. spa,somministrazione,Assente,self service,155.0,False,False,False,False,False,False,False,False,False,True,False,False,False,False,False,False,False,False,False,False,other,False
Non specificata,VIA,DELLA COMMENDA,15,3146,1,accesso interno,202,ospedale maggiore,somministrazione,Assente,self service,315.0,False,False,False,False,False,False,False,False,False,True,False,False,False,False,False,False,False,False,False,False,hospital,False
Non specificata,VIA,DELLA GIUSTIZIA,000,1410,2,accesso interno,116,Non specificato,somministrazione,Assente,self service,115.0,False,False,False,False,False,False,False,False,False,True,False,False,False,False,False,False,False,False,False,False,other,False
Non specificata,VIA,DELLA MOSCOVA,4,1016,1,accesso interno,15,mensa baroni srl,somministrazione,Assente,self service,196.0,False,False,False,False,False,False,False,False,False,True,False,False,False,False,False,False,False,False,False,False,company,False
Non specificata,VIA,DELLA MOSCOVA,64,1016,1,accesso interno,0,istituto suore francescane,somministrazione,Assente,self service,59.0,False,False,False,False,False,False,False,False,False,True,False,False,False,False,False,False,False,False,False,False,other,False
Non specificata,VIA,DEL LAURO,7,124,1,accesso interno,367,mensa milano assicurazioni,somministrazione,Assente,self service,285.0,False,False,False,False,False,False,False,False,False,True,False,False,False,False,False,False,False,False,False,False,other,False
Non specificata,VIA,DELLE FORZE ARMATE,80,6643,7,accesso interno,0,asilo nido a.t.m.,somministrazione,Assente,self service,77.0,False,False,False,False,False,False,False,False,False,True,False,False,False,False,False,False,False,False,False,False,other,False
Non specificata,VIA,DE NOTARIS GIUSEPPE,51,2500,2,accesso interno,168,mensa raffineria olii spa,somministrazione,Assente,self service,170.0,False,False,False,False,False,False,False,False,False,True,False,False,False,False,False,False,False,False,False,False,other,False
Non specificata,VIA,DIONE CASSIO,15,3360,4,accesso interno,91,pentax italia srl,somministrazione,Assente,self service,66.0,False,False,False,False,False,False,False,False,False,True,False,False,False,False,False,False,False,False,False,False,company,False
Non specificata,VIA,DON MINZONI GIOVANNI,10,1141,9,accesso interno,16,Non specificato,somministrazione,Assente,self service,200.0,False,False,False,False,False,False,False,False,False,True,False,False,False,False,False,False,False,False,False,False,other,False
Non specificata,VIA,ELBA,18,6243,7,accesso interno,0,istituto suore figlie dell,somministrazione,Assente,self service,147.0,False,False,False,False,False,False,False,False,False,True,False,False,False,False,False,False,False,False,False,False,other,False
Non specificata,VIA,ELBA,21,6243,7,accesso interno,233,Non specificato,somministrazione,Assente,self service,40.0,False,False,False,False,False,False,False,False,False,True,False,False,False,False,False,False,False,False,False,False,other,False
Non specificata,VIA,FARINI CARLO,9,1114,8,accesso interno,69,mensa a.t.m.,somministrazione,Assente,self service,175.0,False,False,False,False,False,False,False,False,False,True,False,False,False,False,False,False,False,False,False,False,other,False
Non specificata,VIA,FATEBENEFRATELLI,21,144,1,accesso interno,93,Non specificato,somministrazione,minuto,al tavolo,36.0,False,False,False,False,False,False,False,False,False,True,False,False,False,False,False,False,False,False,False,False,other,False
Non specificata,VIA,FELTRE,73,2652,3,accesso interno,0,ist. suore figl.maria imm,somministrazione,Assente,self service,149.0,False,False,False,False,False,False,False,False,False,True,False,False,False,False,False,False,False,False,False,False,other,False
Non specificata,VIA,FETONTE,12,6495,7,accesso interno,132,alcatel sial srl,somministrazione,Assente,self service,190.0,False,False,False,False,False,False,False,False,False,True,False,False,False,False,False,False,False,False,False,False,company,False
Non specificata,VIA,FIORI CHIARI,24,135,1,accesso interno,298,Non specificato,somministrazione,Assente,self service,250.0,False,False,False,False,False,False,False,False,False,True,False,False,False,False,False,False,False,False,False,False,other,False
Non specificata,VIA,F.LLI BRESSAN,41,2349,2,accesso interno,96,Non specificato,somministrazione,Assente,self service,220.0,False,False,False,False,False,False,False,False,False,True,False,False,False,False,False,False,False,False,False,False,other,False
Non specificata,VIA,F.LLI RIZZARDI,201,6736,8,accesso interno,1,a.t.m.,somministrazione,Assente,self service,328.0,False,False,False,False,False,False,False,False,False,True,False,False,False,False,False,False,False,False,False,False,other,False
Non specificata,VIA,FORCELLA VINCENZO,5,5127,6,accesso interno,46,mensa esprit de corp spa,somministrazione,Assente,self service,65.0,False,False,False,False,False,False,False,False,False,True,False,False,False,False,False,False,False,False,False,False,other,False
Non specificata,VIA,FUCINI RENATO,2,2199,3,accesso esterno,110,Non specificato,somministrazione,Assente,self service,132.0,False,False,False,False,False,False,False,False,False,True,False,False,False,False,False,False,False,False,False,False,other,False
Non specificata,VIA,GALEAZZI RICCARDO,4,1575,9,accesso interno,55,istituto ortopedico galeaz,somministrazione,Assente,self service,16.0,False,False,False,False,False,False,False,False,False,True,False,False,False,False,False,False,False,False,False,False,other,False
Non specificata,VIA,GALLARATE,199,7420,8,accesso interno,202,peugeot talbot,somministrazione,Assente,self service,150.0,False,False,False,False,False,False,False,False,False,True,False,False,False,False,False,False,False,False,False,False,other,False
Non specificata,VIA,GARDONE,20,4153,5,accesso interno,112,Non specificato,somministrazione,Assente,self service,70.0,False,False,False,False,False,False,False,False,False,True,False,False,False,False,False,False,False,False,False,False,other,False
Non specificata,VIA,GARGANO,7,4163,5,accesso interno,112,Non specificato,somministrazione,Assente,self service,126.0,False,False,False,False,False,False,False,False,False,True,False,False,False,False,False,False,False,False,False,False,other,False
Non specificata,VIA,GIAMBELLINO,117,5136,6,accesso esterno,158,Non specificato,somministrazione,Assente,self service,150.0,False,False,False,False,False,False,False,False,False,True,False,False,False,False,False,False,False,False,False,False,other,False
Non specificata,VIA,GIOIA MELCHIORRE,124,1108,2,accesso interno,145,mensa comifar spa,somministrazione,Assente,self service,78.0,False,False,False,False,False,False,False,False,False,True,False,False,False,False,False,False,False,False,False,False,other,False
Non specificata,VIA,GIOIA MELCHIORRE,168,1108,2,accesso interno,135,foster wheeler,somministrazione,Assente,self service,176.0,False,False,False,False,False,False,False,False,False,True,False,False,False,False,False,False,False,False,False,False,other,False
Non specificata,VIA,GIULIANI PADRE REGINALDO,12,1451,9,accesso interno,34,acema accessori,somministrazione,Assente,self service,57.0,False,False,False,False,False,False,False,False,False,True,False,False,False,False,False,False,False,False,False,False,other,False
Non specificata,VIA,GOLDONI CARLO,070,3183,3,accesso interno,180,Non specificato,somministrazione,Assente,self service,160.0,False,False,False,False,False,False,False,False,False,True,False,False,False,False,False,False,False,False,False,False,other,False
Non specificata,VIA,GOLFO DEGLI ARANCI,12,2463,2,accesso interno,216,mensa interaziendale,somministrazione,Assente,self service,25.0,False,False,False,False,False,False,False,False,False,True,False,False,False,False,False,False,False,False,False,False,company,False
Non specificata,VIA,GOLGI CAMILLO,36,2220,3,accesso interno,117,Non specificato,somministrazione,Assente,self service,125.0,False,False,False,False,False,False,False,False,False,True,False,False,False,False,False,False,False,False,False,False,other,False
Non specificata,VIA,GOZZADINI,7,6506,7,accesso interno,237,Non specificato,somministrazione,Assente,self service,170.0,False,False,False,False,False,False,False,False,False,True,False,False,False,False,False,False,False,False,False,False,other,False
Non specificata,VIA,GRADISCA,18,7424,8,accesso interno,203,mensa morel & c. spa,somministrazione,Assente,self service,70.0,False,False,False,False,False,False,False,False,False,True,False,False,False,False,False,False,False,False,False,False,other,False
Non specificata,VIA,GRASSI GIOVANNI BATTISTA,98,7465,8,accesso interno,14,mensa i.r.t. spa,somministrazione,Assente,self service,150.0,False,False,False,False,False,False,False,False,False,True,False,False,False,False,False,False,False,False,False,False,other,False
Non specificata,VIA,GRATOSOGLIO,71,5411,5,accesso interno,97,mensa az. spa cederna,somministrazione,Assente,self service,60.0,False,False,False,False,False,False,False,False,False,True,False,False,False,False,False,False,False,False,False,False,other,False
mensa fiat center italia,VIA,GROSIO,9,7483,8,accesso interno,202,Non specificato,somministrazione,Assente,self service,165.0,False,False,False,False,False,False,False,False,False,True,False,False,False,False,False,False,False,False,False,False,other,False
Non specificata,VIA,HOEPLI ULRICO,6,190,1,accesso interno,385,mensa dipendenti hotel,somministrazione,Assente,self service,40.0,False,False,False,False,False,False,False,False,False,True,False,False,False,False,False,False,False,False,False,False,other,False
Non specificata,VIA,IMBONATI CARLO,27,1311,9,accesso esterno,88,mensa ass. testimoni geova,somministrazione,Assente,al banco,75.0,False,False,False,False,False,False,False,False,False,True,False,False,False,False,False,False,False,False,False,False,other,False
Non specificata,VIA,IMPERIA,2,5266,5,accesso interno,31,elsi spa,somministrazione,Assente,self service,100.0,False,False,False,False,False,False,False,False,False,True,False,False,False,False,False,False,False,False,False,False,other,False
Non specificata,VIA,IPPOCRATE,18,1543,9,accesso interno,0,residenza sanitaria assist,somministrazione,Assente,self service,147.0,False,False,False,False,False,False,False,False,False,True,False,False,False,False,False,False,False,False,False,False,other,False
Non specificata,VIA,KULISCIOFF ANNA,6,6812,6,accesso interno,53,mensa rbs pharma spa,somministrazione,Assente,self service,156.0,False,False,False,False,False,False,False,False,False,True,False,False,False,False,False,False,False,False,False,False,other,False
Non specificata,VIA,LAMARMORA ALFONSO,015,4103,1,accesso interno,0,Non specificato,somministrazione,Assente,self service,105.0,False,False,False,False,False,False,False,False,False,True,False,False,False,False,False,False,False,False,False,False,other,False
Non specificata,VIA,LA MASA GIUSEPPE,1,7286,9,accesso interno,23,Non specificato,somministrazione,Assente,self service,50.0,False,False,False,False,False,False,False,False,False,True,False,False,False,False,False,False,False,False,False,False,other,False
Non specificata,VIA,LAMBRUSCHINI RAFFAELE,15,7271,8,accesso interno,21,mensa fbm hudson spa,somministrazione,Assente,self service,380.0,False,False,False,False,False,False,False,False,False,True,False,False,False,False,False,False,False,False,False,False,other,False
Non specificata,VIA,LANZONE,53,554,1,accesso interno,0,istituto suore orsoline di,somministrazione,Assente,self service,147.0,False,False,False,False,False,False,False,False,False,True,False,False,False,False,False,False,False,False,False,False,other,False
Non specificata,VIA,LATTUADA SERVILIANO,9,4075,4,accesso interno,158,mensa visitando mondo srl,somministrazione,Assente,self service,120.0,False,False,False,False,False,False,False,False,False,True,False,False,False,False,False,False,False,False,False,False,company,False
Non specificata,VIA,LAVENO,12,6504,7,accesso interno,0,lycee stendhal milan scuol,somministrazione,Assente,self service,144.0,False,False,False,False,False,False,False,False,False,True,False,False,False,False,False,False,False,False,False,False,other,False
Non specificata,VIA,LEONCAVALLO RUGGERO,32,2389,3,accesso interno,0,a.t.m.,somministrazione,Assente,self service,51.0,False,False,False,False,False,False,False,False,False,True,False,False,False,False,False,False,False,False,False,False,other,False
Non specificata,VIA,LEONE XIII,12,6353,8,accesso interno,154,istituto leone xiii,somministrazione,Assente,self service,149.0,False,False,False,False,False,False,False,False,False,True,False,False,False,False,False,False,False,False,False,False,other,False
Non specificata,VIA,LEONI POMPEO,18,4226,5,accesso interno,1,Non specificato,somministrazione,Assente,self service,268.0,False,False,False,False,False,False,False,False,False,True,False,False,False,False,False,False,False,False,False,False,other,False
Non specificata,VIA,LIVRAGHI GIOVANNI,14,2443,2,accesso interno,37,mensa jucker spa,somministrazione,Assente,self service,341.0,False,False,False,False,False,False,False,False,False,True,False,False,False,False,False,False,False,False,False,False,other,False
Non specificata,VIA,LOMAZZO PAOLO,60,7079,8,accesso interno,0,Non specificato,somministrazione,Assente,self service,265.0,False,False,False,False,False,False,False,False,False,True,False,False,False,False,False,False,False,False,False,False,other,False
Non specificata,VIA,LOMBARDINI ELIA,6,5146,6,accesso interno,63,azienda sopramenzionata,somministrazione,Assente,self service,44.0,False,False,False,False,False,False,False,False,False,True,False,False,False,False,False,False,False,False,False,False,company,False
Non specificata,VIA,LORENZINI GIOVANNI,4,4005,5,accesso interno,11,Non specificato,somministrazione,Assente,self service,412.0,False,False,False,False,False,False,False,False,False,True,False,False,False,False,False,False,False,False,False,False,other,False
Non specificata,VIA,LORIA MOISE',37,6100,7,accesso interno,0,scuola media,somministrazione,Assente,self service,146.0,False,False,False,False,False,False,False,False,False,True,False,False,False,False,False,False,False,False,False,False,school,False
Non specificata,VIA,LUDOVICO DI BREME,79,7396,8,accesso interno,192,mensa vernici italiane spa,somministrazione,Assente,self service,236.0,False,False,False,False,False,False,False,False,False,True,False,False,False,False,False,False,False,False,False,False,other,False
Non specificata,VIA,MAC MAHON,92,7221,8,accesso interno,0,istituto san gaetano,somministrazione,Assente,self service,147.0,False,False,False,False,False,False,False,False,False,True,False,False,False,False,False,False,False,False,False,False,other,False
Non specificata,VIA,MANIAGO,30,2656,3,accesso interno,0,scuola media,somministrazione,Assente,self service,145.0,False,False,False,False,False,False,False,False,False,True,False,False,False,False,False,False,False,False,False,False,school,False
Non specificata,VIA,MANN THOMAS,8,1701,9,accesso interno,0,asilo nido,somministrazione,Assente,self service,177.0,False,False,False,False,False,False,False,False,False,True,False,False,False,False,False,False,False,False,False,False,other,False
Non specificata,VIA,MANTEGAZZA PAOLO,4,7275,8,accesso interno,0,centro diurno disabili,somministrazione,Assente,self service,43.0,False,False,False,False,False,False,False,False,False,True,False,False,False,False,False,False,False,False,False,False,other,False
Non specificata,VIA,MANZONI ALESSANDRO,016,230,1,accesso interno,363,banca commerciale,somministrazione,Assente,self service,293.0,False,False,False,False,False,False,False,False,False,True,False,False,False,False,False,False,False,False,False,False,other,False
Non specificata,VIA,MARCO AURELIO,26,2298,2,accesso interno,334,telecom italia,somministrazione,Assente,self service,151.0,False,False,False,False,False,False,False,False,False,True,False,False,False,False,False,False,False,False,False,False,other,False
Non specificata,VIA,MARCO D'AVIANO,2,2279,2,accesso interno,0,montefibre spa,somministrazione,Assente,self service,395.0,False,False,False,False,False,False,False,False,False,True,False,False,False,False,False,False,False,False,False,False,other,False
Non specificata,VIA,MARELLI ERCOLE,004,4128,5,accesso interno,0,bottega veneta srl,somministrazione,Assente,self service,148.0,False,False,False,False,False,False,False,False,False,True,False,False,False,False,False,False,False,False,False,False,company,False
Non specificata,VIA,MARTINI PADRE GIOVANNI BATTISTA,28,2436,3,accesso interno,15,Non specificato,somministrazione,Assente,self service,24.0,False,False,False,False,False,False,False,False,False,True,False,False,False,False,False,False,False,False,False,False,other,False
Non specificata,VIA,MARTINI PADRE GIOVANNI BATTISTA,29,2436,3,accesso interno,14,Non specificato,somministrazione,Assente,self service,200.0,False,False,False,False,False,False,False,False,False,True,False,False,False,False,False,False,False,False,False,False,other,False
Non specificata,VIA,MAYER SALLY,6,6810,6,accesso interno,73,Non specificato,somministrazione,Assente,self service,137.0,False,False,False,False,False,False,False,False,False,True,False,False,False,False,False,False,False,False,False,False,other,False
Non specificata,VIA,MEDA GIUSEPPE,45,5242,5,accesso esterno,9,Non specificato,somministrazione,Assente,self service,80.0,False,False,False,False,False,False,False,False,False,True,False,False,False,False,False,False,False,False,False,False,other,False
Non specificata,VIA,MELLONI MACEDONIO,52,3085,4,accesso interno,0,ospedale macedonio melloni,somministrazione,Assente,self service,77.0,False,False,False,False,False,False,False,False,False,True,False,False,False,False,False,False,False,False,False,False,hospital,False
Non specificata,VIA,MERCALLI GIUSEPPE,18,4011,1,accesso interno,208,pensionato s.filippo neri,somministrazione,Assente,misto,94.0,False,False,False,False,False,False,False,False,False,True,False,False,False,False,False,False,False,False,False,False,other,False
Non specificata,VIA,MERCALLI GIUSEPPE,23,4011,1,accesso esterno,272,mensa pensionato universit,somministrazione,Assente,self service,214.0,False,False,False,False,False,False,False,False,False,True,False,False,False,False,False,False,False,False,False,False,school,False
Non specificata,VIA,MINCIO,21,4157,4,accesso interno,0,scuola media,somministrazione,Assente,self service,159.0,False,False,False,False,False,False,False,False,False,True,False,False,False,False,False,False,False,False,False,False,school,False
Non specificata,VIA,MONETA ERNESTO TEODORO,46,1472,9,accesso interno,0,luceplan s.p.a.,somministrazione,Assente,self service,160.0,False,False,False,False,False,False,False,False,False,True,False,False,False,False,False,False,False,False,False,False,company,False
Non specificata,VIA,MONREALE,18,6536,7,accesso interno,0,istituto clinico san siro,somministrazione,Assente,self service,147.0,False,False,False,False,False,False,False,False,False,True,False,False,False,False,False,False,False,False,False,False,other,False
Non specificata,VIA,MONTE BALDO,11,6323,7,accesso interno,0,scuola elementare,somministrazione,Assente,self service,216.0,False,False,False,False,False,False,False,False,False,True,False,False,False,False,False,False,False,False,False,False,school,False
Non specificata,VIA,MONTEBELLO,18,1037,1,accesso interno,250,banca commerciale,somministrazione,Assente,al tavolo,156.0,False,False,False,False,False,False,False,False,False,True,False,False,False,False,False,False,False,False,False,False,other,False
Non specificata,VIA,MONTECUCCOLI RAIMONDO,20,6650,6,accesso interno,36,kraft foods services s.r.l,somministrazione,Assente,self service,148.0,False,False,False,False,False,False,False,False,False,True,False,False,False,False,False,False,False,False,False,False,other,False
Non specificata,VIA,MONTE DI PIETA',7,121,1,accesso interno,304,mensa banca del monte,somministrazione,Assente,self service,165.0,False,False,False,False,False,False,False,False,False,True,False,False,False,False,False,False,False,False,False,False,other,False
Non specificata,VIA,MONTEGANI LODOVICO,14,5330,5,accesso interno,28,ras,somministrazione,Assente,self service,345.0,False,False,False,False,False,False,False,False,False,True,False,False,False,False,False,False,False,False,False,False,other,False
Non specificata,VIA,MONTE VELINO,002,3338,4,accesso interno,0,scuola elementare,somministrazione,Assente,self service,208.0,False,False,False,False,False,False,False,False,False,True,False,False,False,False,False,False,False,False,False,False,school,False
Non specificata,VIA,MONVISO,33,7212,8,accesso interno,35,Non specificato,somministrazione,Assente,self service,90.0,False,False,False,False,False,False,False,False,False,True,False,False,False,False,False,False,False,False,False,False,other,False
Non specificata,VIA,MORIVIONE,5,4007,5,accesso interno,40,kennametal spa,somministrazione,Assente,self service,150.0,False,False,False,False,False,False,False,False,False,True,False,False,False,False,False,False,False,False,False,False,other,False
Non specificata,VIA,MOZART WOLFANGO,9,3039,1,accesso interno,187,villa mozart,somministrazione,Assente,self service,216.0,False,False,False,False,False,False,False,False,False,True,False,False,False,False,False,False,False,False,False,False,other,False
Non specificata,VIA,MURAT GIOACCHINO,84,1316,9,accesso interno,10,oleoblitz spa,somministrazione,Assente,self service,205.0,False,False,False,False,False,False,False,False,False,True,False,False,False,False,False,False,False,False,False,False,other,False
Non specificata,VIA,MUZIO SCEVOLA,005,2663,3,accesso interno,0,scuola elementare,somministrazione,Assente,self service,385.0,False,False,False,False,False,False,False,False,False,True,False,False,False,False,False,False,False,False,False,False,school,False
Non specificata,VIA,NECCHI LODOVICO,5,642,1,accesso esterno,337,università cattolica,somministrazione,Assente,al tavolo,149.0,False,False,False,False,False,False,False,False,False,True,False,False,False,False,False,False,False,False,False,False,school,False
Non specificata,VIA,NECCHI LODOVICO,9,642,1,accesso esterno,337,università cattolica,somministrazione,Assente,self service,150.0,False,False,False,False,False,False,False,False,False,True,False,False,False,False,False,False,False,False,False,False,school,False
Non specificata,VIA,NOVARA,540,6624,7,accesso interno,0,istituto figlie di betlem,somministrazione,Assente,self service,146.0,False,False,False,False,False,False,False,False,False,True,False,False,False,False,False,False,False,False,False,False,other,False
Non specificata,VIA,OGLIO,20,4105,4,accesso interno,0,scuola media,somministrazione,Assente,self service,106.0,False,False,False,False,False,False,False,False,False,True,False,False,False,False,False,False,False,False,False,False,school,False
Non specificata,VIA,OLGETTINA,80,2530,3,accesso interno,502,Non specificato,somministrazione,Assente,self service,76.0,False,False,False,False,False,False,False,False,False,True,False,False,False,False,False,False,False,False,False,False,other,False
Non specificata,VIA,OLGIATI FRANCESCO,19,5319,6,accesso interno,40,Non specificato,somministrazione,Assente,self service,155.0,False,False,False,False,False,False,False,False,False,True,False,False,False,False,False,False,False,False,False,False,other,False
Non specificata,VIA,ORNATO LUIGI,148,1591,9,accesso interno,10,Non specificato,somministrazione,Assente,self service,130.0,False,False,False,False,False,False,False,False,False,True,False,False,False,False,False,False,False,False,False,False,other,False
Non specificata,VIA,OROBIA,31,4137,5,accesso esterno,46,mensa enel,somministrazione,Assente,self service,154.0,False,False,False,False,False,False,False,False,False,True,False,False,False,False,False,False,False,False,False,False,other,False
Non specificata,VIA,OROBIA,3,4137,5,accesso interno,14,mensa officine di seveso,somministrazione,Assente,self service,137.0,False,False,False,False,False,False,False,False,False,True,False,False,False,False,False,False,False,False,False,False,other,False
Non specificata,VIA,OROBONI ANTONIO,27,1635,9,accesso interno,16,Non specificato,somministrazione,Assente,self service,50.0,False,False,False,False,False,False,False,False,False,True,False,False,False,False,False,False,False,False,False,False,other,False
Non specificata,VIA,ORTI,27,4031,1,accesso interno,0,fondazione san g. moscati,somministrazione,Assente,self service,148.0,False,False,False,False,False,False,False,False,False,True,False,False,False,False,False,False,False,False,False,False,other,False
istituto palazzolo,VIA,PALAZZOLO DON LUIGI,21,7522,8,accesso interno,0,istituto palazzolo,somministrazione,Assente,self service,178.0,False,False,False,False,False,False,False,False,False,True,False,False,False,False,False,False,False,False,False,False,other,False
Non specificata,VIA,PALMANOVA,71,2390,2,accesso interno,289,mensa pharmaservice srl,somministrazione,Assente,self service,72.0,False,False,False,False,False,False,False,False,False,True,False,False,False,False,False,False,False,False,False,False,company,False
Non specificata,VIA,PALMIERI NICOLA,7,5323,5,accesso interno,0,comunità terapeutica,somministrazione,Assente,self service,149.0,False,False,False,False,False,False,False,False,False,True,False,False,False,False,False,False,False,False,False,False,other,False
Non specificata,VIA,PARAVIA PIER ALESSANDRO,5,6571,7,accesso interno,270,Non specificato,somministrazione,Assente,self service,400.0,False,False,False,False,False,False,False,False,False,True,False,False,False,False,False,False,False,False,False,False,other,False
Non specificata,VIA,PATROCLO,21,6512,7,accesso interno,118,daw italia spa,somministrazione,Assente,self service,320.0,False,False,False,False,False,False,False,False,False,True,False,False,False,False,False,False,False,False,False,False,other,False
Non specificata,VIA,PEPE GUGLIELMO,40,1126,9,accesso interno,0,refezione scolastica,somministrazione,Assente,self service,101.0,False,False,False,False,False,False,False,False,False,True,False,False,False,False,False,False,False,False,False,False,other,False
Non specificata,VIA,PERGOLESI GIOVANNI BATTISTA,25,2231,2,accesso interno,22,mensa soc. sadelmi cogepi,somministrazione,Assente,self service,172.0,False,False,False,False,False,False,False,False,False,True,False,False,False,False,False,False,False,False,False,False,other,False
Non specificata,VIA,PIERLUIGI GIOVANNI DA PALESTRINA,32,2235,2,accesso interno,0,asilo nido,somministrazione,Assente,self service,145.0,False,False,False,False,False,False,False,False,False,True,False,False,False,False,False,False,False,False,False,False,other,False
Non specificata,VIA,PIZZI GIAN FRANCESCO,11,4270,5,accesso interno,105,Non specificato,somministrazione,Assente,self service,50.0,False,False,False,False,False,False,False,False,False,True,False,False,False,False,False,False,False,False,False,False,other,False
Non specificata,VIA,PLEZZO,032,2653,3,accesso esterno,65,mensa ist. postelegraf.,somministrazione,Assente,al banco,193.0,False,False,False,False,False,False,False,False,False,True,False,False,False,False,False,False,False,False,False,False,other,False
Non specificata,VIA,PLINIO CAIO SECONDO,73,2144,3,accesso interno,131,mensa cibo italiano srl,somministrazione,Assente,self service,50.0,False,False,False,False,False,False,False,False,False,True,False,False,False,False,False,False,False,False,False,False,company,False
Non specificata,VIA,PORPORA NICOLA ANTONIO,109,2229,3,accesso interno,12,Non specificato,somministrazione,Assente,self service,51.0,False,False,False,False,False,False,False,False,False,True,False,False,False,False,False,False,False,False,False,False,other,False
Non specificata,VIA,PUCCI MARCELLO,7,7147,8,accesso interno,95,croce rossa,somministrazione,Assente,self service,113.0,False,False,False,False,False,False,False,False,False,True,False,False,False,False,False,False,False,False,False,False,other,False
centro assistenza minori,VIA,PUSIANO,22,2397,3,accesso interno,30,Non specificato,somministrazione,Assente,self service,125.0,False,False,False,False,False,False,False,False,False,True,False,False,False,False,False,False,False,False,False,False,other,False
Non specificata,VIA,PUSIANO,57,2397,3,accesso interno,17,congregazione suore,somministrazione,Assente,self service,366.0,False,False,False,False,False,False,False,False,False,True,False,False,False,False,False,False,False,False,False,False,other,False
Non specificata,VIA,QUARENGHI GIACOMO,10,7478,8,accesso interno,0,scuola elementare,somministrazione,Assente,self service,275.0,False,False,False,False,False,False,False,False,False,True,False,False,False,False,False,False,False,False,False,False,school,False
Non specificata,VIA,QUINTILIANO MARCO FABIO,45,3358,4,accesso interno,0,Non specificato,somministrazione,Assente,self service,352.0,False,False,False,False,False,False,False,False,False,True,False,False,False,False,False,False,False,False,False,False,other,False
Non specificata,VIA,RESPIGHI OTTORINO,1,3025,1,accesso interno,108,Non specificato,somministrazione,Assente,self service,200.0,False,False,False,False,False,False,False,False,False,True,False,False,False,False,False,False,False,False,False,False,other,False
Non specificata,VIA,ROGOREDO,31,4373,4,accesso interno,84,Non specificato,somministrazione,Assente,self service,12.0,False,False,False,False,False,False,False,False,False,True,False,False,False,False,False,False,False,False,False,False,other,False
Non specificata,VIA,ROMBON,78,2659,3,accesso interno,91,scuola sacro cuore,somministrazione,Assente,al tavolo,148.0,False,False,False,False,False,False,False,False,False,True,False,False,False,False,False,False,False,False,False,False,school,False
Non specificata,VIA,ROVIGO,5,2523,2,accesso interno,241,Non specificato,somministrazione,Assente,self service,120.0,False,False,False,False,False,False,False,False,False,True,False,False,False,False,False,False,False,False,False,False,other,False
Non specificata,VIA,RUBATTINO RAFFAELE,54,2686,3,accesso esterno,142,cesi g.motta s.p.a.,somministrazione,Assente,self service,149.0,False,False,False,False,False,False,False,False,False,True,False,False,False,False,False,False,False,False,False,False,company,False
Non specificata,VIA,RUBATTINO RAFFAELE,81,2686,3,accesso interno,0,camozzi,somministrazione,Assente,self service,145.0,False,False,False,False,False,False,False,False,False,True,False,False,False,False,False,False,False,False,False,False,other,False
Non specificata,VIA,RUCELLAI BERNARDO,37,2345,2,accesso interno,97,mensa ksb italia spa,somministrazione,Assente,self service,184.0,False,False,False,False,False,False,False,False,False,True,False,False,False,False,False,False,False,False,False,False,other,False
Non specificata,VIA,SALAINO ANDREA,7,6092,6,accesso interno,18,mensa candle srl,somministrazione,Assente,self service,120.0,False,False,False,False,False,False,False,False,False,True,False,False,False,False,False,False,False,False,False,False,company,False
Non specificata,VIA,SALOMONE ORESTE,77,3325,4,accesso interno,104,ricordi spa,somministrazione,Assente,self service,140.0,False,False,False,False,False,False,False,False,False,True,False,False,False,False,False,False,False,False,False,False,other,False
Non specificata,VIA,SAN FAUSTINO,40,2681,3,accesso interno,144,gran milan s.p.a.,somministrazione,Assente,self service,104.0,False,False,False,False,False,False,False,False,False,True,False,False,False,False,False,False,False,False,False,False,company,False
Non specificata,VIA,SAN GREGORIO,34,2123,2,accesso interno,72,mensa sadelmi cogepi spa,somministrazione,Assente,self service,140.0,False,False,False,False,False,False,False,False,False,True,False,False,False,False,False,False,False,False,False,False,other,False
Non specificata,VIA,SANTA MARIA FULCORINA,9,630,1,accesso interno,404,mensa credito romagnolo,somministrazione,Assente,self service,356.0,False,False,False,False,False,False,False,False,False,True,False,False,False,False,False,False,False,False,False,False,other,False
Non specificata,VIA,SANTA MONICA,6,1448,9,accesso interno,96,mensa monopolio di stato,somministrazione,Assente,self service,139.0,False,False,False,False,False,False,False,False,False,True,False,False,False,False,False,False,False,False,False,False,other,False
Non specificata,VIA,SAN VIGILIO,10,5424,6,accesso interno,0,fondazione collegio univer,somministrazione,Assente,self service,201.0,False,False,False,False,False,False,False,False,False,True,False,False,False,False,False,False,False,False,False,False,other,False
Non specificata,VIA,SAN VITTORE,18,647,1,accesso interno,0,i.s.u. università cattolic,somministrazione,Assente,self service,147.0,False,False,False,False,False,False,False,False,False,True,False,False,False,False,False,False,False,False,False,False,school,False
Non specificata,VIA,SAN VITTORE,24,647,1,accesso interno,144,Non specificato,somministrazione,Assente,self service,68.0,False,False,False,False,False,False,False,False,False,True,False,False,False,False,False,False,False,False,False,False,other,False
Non specificata,VIA,SASSI GIUSEPPE ANTONIO,4,6177,1,accesso interno,0,refettorio,somministrazione,Assente,self service,152.0,False,False,False,False,False,False,False,False,False,True,False,False,False,False,False,False,False,False,False,False,other,False
Non specificata,VIA,SAVONA,127,5122,6,accesso interno,162,azien. loro & parisini,somministrazione,Assente,self service,149.0,False,False,False,False,False,False,False,False,False,True,False,False,False,False,False,False,False,False,False,False,other,False
Non specificata,VIA,SCHIEVANO ENRICO,7,5276,6,accesso interno,21,mensa vedani metalli spa,somministrazione,Assente,self service,53.0,False,False,False,False,False,False,False,False,False,True,False,False,False,False,False,False,False,False,False,False,other,False
Non specificata,VIA,SERBELLONI GABRIO,1,3043,1,accesso interno,21,Non specificato,somministrazione,Assente,self service,89.0,False,False,False,False,False,False,False,False,False,True,False,False,False,False,False,False,False,False,False,False,other,False
Non specificata,VIA,SILE,8,4106,4,accesso interno,51,banca commerciale,somministrazione,Assente,self service,245.0,False,False,False,False,False,False,False,False,False,True,False,False,False,False,False,False,False,False,False,False,other,False
Non specificata,VIA,SILVA GUGLIELMO,36,6400,8,accesso interno,208,mensa inps,somministrazione,Assente,self service,150.0,False,False,False,False,False,False,False,False,False,True,False,False,False,False,False,False,False,False,False,False,other,False
Non specificata,VIA,SOPERGA,39,2262,2,accesso interno,0,centro diurno disabili,somministrazione,Assente,self service,146.0,False,False,False,False,False,False,False,False,False,True,False,False,False,False,False,False,False,False,False,False,other,False
Non specificata,VIA,STRESA,022,1396,2,accesso interno,127,mensa dip. regione lombar.,somministrazione,Assente,self service,187.0,False,False,False,False,False,False,False,False,False,True,False,False,False,False,False,False,False,False,False,False,public_office,False
Non specificata,VIA,TENCA CARLO,2,2118,2,accesso interno,96,mensa polygram italia srl,somministrazione,Assente,self service,128.0,False,False,False,False,False,False,False,False,False,True,False,False,False,False,False,False,False,False,False,False,company,False
Non specificata,VIA,TERRUGGIA GIOVANNI,22,1533,9,accesso interno,64,Non specificato,somministrazione,Assente,self service,45.0,False,False,False,False,False,False,False,False,False,True,False,False,False,False,False,False,False,False,False,False,other,False
Non specificata,VIA,TIMAVO,14,1174,2,accesso interno,0,comunità pensione religios,somministrazione,Assente,self service,72.0,False,False,False,False,False,False,False,False,False,True,False,False,False,False,False,False,False,False,False,False,other,False
Non specificata,VIA,TOFFETTI VINCENZO,121,4188,4,accesso interno,32,inps,somministrazione,Assente,self service,165.0,False,False,False,False,False,False,False,False,False,True,False,False,False,False,False,False,False,False,False,False,other,False
Non specificata,VIA,TONEZZA,13,6647,7,accesso interno,205,Non specificato,somministrazione,Assente,self service,70.0,False,False,False,False,False,False,False,False,False,True,False,False,False,False,False,False,False,False,False,False,other,False
Non specificata,VIA,TONEZZA,5,6647,7,accesso interno,205,Non specificato,somministrazione,Assente,self service,100.0,False,False,False,False,False,False,False,False,False,True,False,False,False,False,False,False,False,False,False,False,other,False
Non specificata,VIA,TORTONA,35,5124,6,accesso interno,41,mensa c.g.e. spa,somministrazione,Assente,self service,149.0,False,False,False,False,False,False,False,False,False,True,False,False,False,False,False,False,False,False,False,False,other,False
Non specificata,VIA,TRAIANO MARCO ULPIO,18,7157,8,accesso interno,338,Non specificato,somministrazione,Assente,self service,150.0,False,False,False,False,False,False,False,False,False,True,False,False,False,False,False,False,False,False,False,False,other,False
Non specificata,VIA,TRANCHEDINI NICODEMO,4,7247,8,accesso interno,0,Non specificato,somministrazione,Assente,self service,149.0,False,False,False,False,False,False,False,False,False,True,False,False,False,False,False,False,False,False,False,False,other,False
Non specificata,VIA,TRIBONIANO,103,7444,8,accesso interno,136,mensa o.n.t.,somministrazione,Assente,self service,35.0,False,False,False,False,False,False,False,False,False,True,False,False,False,False,False,False,False,False,False,False,other,False
Non specificata,VIA,TRIBONIANO,000,7444,8,accesso interno,0,impianto ferroviario di mi,somministrazione,Assente,self service,147.0,False,False,False,False,False,False,False,False,False,True,False,False,False,False,False,False,False,False,False,False,other,False
Non specificata,VIA,TRILUSSA,10,7367,8,accesso interno,0,scuola elementare,somministrazione,Assente,self service,415.0,False,False,False,False,False,False,False,False,False,True,False,False,False,False,False,False,False,False,False,False,school,False
Non specificata,VIA,TRIVULZIO ANTONIO TOLOMEO,15,6277,7,accesso interno,0,pio albergo trivulzio,somministrazione,Assente,self service,147.0,False,False,False,False,False,False,False,False,False,True,False,False,False,False,False,False,False,False,False,False,other,False
Non specificata,VIA,VALCAVA,6,7255,8,accesso esterno,320,mensa crouzet spa,somministrazione,Assente,self service,253.0,False,False,False,False,False,False,False,False,False,True,False,False,False,False,False,False,False,False,False,False,other,False
Non specificata,VIA,VALSOLDA,15,5288,6,accesso interno,22,mensa fitre spa,somministrazione,Assente,self service,90.0,False,False,False,False,False,False,False,False,False,True,False,False,False,False,False,False,False,False,False,False,other,False
Non specificata,VIA,VESPRI SICILIANI,29,5137,6,accesso interno,150,Non specificato,somministrazione,Assente,self service,171.0,False,False,False,False,False,False,False,False,False,True,False,False,False,False,False,False,False,False,False,False,other,False
Non specificata,VIA,VESPRI SICILIANI,75,5137,6,accesso interno,0,scuola elementare,somministrazione,Assente,self service,224.0,False,False,False,False,False,False,False,False,False,True,False,False,False,False,False,False,False,False,False,False,school,False
Non specificata,VIA,VIGANO' FRANCESCO,4,1121,9,accesso interno,326,Non specificato,somministrazione,Assente,self service,206.0,False,False,False,False,False,False,False,False,False,True,False,False,False,False,False,False,False,False,False,False,other,False
Non specificata,VIA,VIVIANI VINCENZO,8,1185,9,accesso interno,0,Non specificato,somministrazione,Assente,self service,164.0,False,False,False,False,False,False,False,False,False,True,False,False,False,False,False,False,False,False,False,False,other,False
Non specificata,VIA,ZOCCHI CESARE,1,1301,9,accesso interno,0,Non specificato,somministrazione,Assente,self service,124.0,False,False,False,False,False,False,False,False,False,True,False,False,False,False,False,False,False,False,False,False,other,False
Non specificata,VIALE,BODIO LUIGI,033,1237,9,accesso interno,92,alcatel face spa,somministrazione,Assente,self service,149.0,False,False,False,False,False,False,False,False,False,True,False,False,False,False,False,False,False,False,False,False,other,False
Non specificata,VIALE,BRENTA,32,4151,4,accesso interno,50,ras assicurazioni,somministrazione,Assente,self service,298.0,False,False,False,False,False,False,False,False,False,True,False,False,False,False,False,False,False,False,False,False,other,False
Non specificata,VIALE,CAMPANIA,23,3100,4,accesso interno,242,mensa ditta cinemeccanica,somministrazione,Assente,self service,125.0,False,False,False,False,False,False,False,False,False,True,False,False,False,False,False,False,False,False,False,False,other,False
Non specificata,VIALE,CASSALA,16,5275,6,accesso interno,153,schlumberger industries s.,somministrazione,Assente,self service,189.0,False,False,False,False,False,False,False,False,False,True,False,False,False,False,False,False,False,False,False,False,other,False
Non specificata,VIALE,CERTOSA,126,7174,8,accesso interno,234,bayer italia spa,somministrazione,Assente,al banco,152.0,False,False,False,False,False,False,False,False,False,True,False,False,False,False,False,False,False,False,False,False,other,False
Non specificata,VIALE,CERTOSA,220,7174,8,accesso interno,209,mensa italmarine spa,somministrazione,Assente,self service,53.0,False,False,False,False,False,False,False,False,False,True,False,False,False,False,False,False,False,False,False,False,other,False
Non specificata,VIALE,CERTOSA,222,7174,8,accesso interno,209,levante norditalia s.p.a.,somministrazione,Assente,self service,221.0,False,False,False,False,False,False,False,False,False,True,False,False,False,False,False,False,False,False,False,False,company,False
Non specificata,VIALE,CERTOSA,247,7174,8,accesso esterno,185,merloni spa,somministrazione,Assente,self service,194.0,False,False,False,False,False,False,False,False,False,True,False,False,False,False,False,False,False,False,False,False,other,False
Non specificata,VIALE,CORSICA,82,3262,4,accesso interno,271,Non specificato,somministrazione,Assente,self service,150.0,False,False,False,False,False,False,False,False,False,True,False,False,False,False,False,False,False,False,False,False,other,False
Non specificata,VIALE,DE GASPERI ALCIDE,000,7482,8,accesso interno,0,rhiag s.p.a. ang.pizzoni,somministrazione,Assente,self service,173.0,False,False,False,False,False,False,False,False,False,True,False,False,False,False,False,False,False,False,False,False,company,False
Non specificata,VIALE,FAMAGOSTA,75,5353,6,accesso interno,50,coop. lombardia a r.l.,somministrazione,Assente,self service,133.0,False,False,False,False,False,False,False,False,False,True,False,False,False,False,False,False,False,False,False,False,horeca,False
Non specificata,VIALE,LANCETTI VINCENZO,29,1221,9,accesso interno,103,mensa sampre spa,somministrazione,Assente,self service,35.0,False,False,False,False,False,False,False,False,False,True,False,False,False,False,False,False,False,False,False,False,other,False
Non specificata,VIALE,LANCETTI VINCENZO,017,1221,9,accesso interno,0,agos s.p.a.,somministrazione,Assente,self service,147.0,False,False,False,False,False,False,False,False,False,True,False,False,False,False,False,False,False,False,False,False,company,False
Non specificata,VIALE,LUCANIA,6,4173,4,accesso interno,57,il carbonio spa,somministrazione,Assente,self service,89.0,False,False,False,False,False,False,False,False,False,True,False,False,False,False,False,False,False,False,False,False,other,False
Non specificata,VIALE,MONZA,113,2274,2,accesso interno,293,mensa ff ss,somministrazione,Assente,self service,230.0,False,False,False,False,False,False,False,False,False,True,False,False,False,False,False,False,False,False,False,False,other,False
Non specificata,VIALE,MONZA,268,2274,2,accesso interno,40,mensa hartmann e braun spa,somministrazione,Assente,self service,110.0,False,False,False,False,False,False,False,False,False,True,False,False,False,False,False,False,False,False,False,False,other,False
c/0 instrumentation labor,VIALE,MONZA,338,2274,2,accesso interno,0,coca cola srl,somministrazione,Assente,self service,194.0,False,False,False,False,False,False,False,False,False,True,False,False,False,False,False,False,False,False,False,False,company,False
Non specificata,VIALE,MUGELLO,001,3140,4,accesso interno,0,scuola elementare,somministrazione,Assente,self service,208.0,False,False,False,False,False,False,False,False,False,True,False,False,False,False,False,False,False,False,False,False,school,False
Non specificata,VIALE,ORTLES,69,4133,5,accesso interno,46,casa dell'accoglienza ortl,somministrazione,Assente,self service,205.0,False,False,False,False,False,False,False,False,False,True,False,False,False,False,False,False,False,False,False,False,other,False
Non specificata,VIALE,SARCA,222,1427,9,accesso interno,0,castello arcimboldi bicocc,somministrazione,Assente,self service,108.0,False,False,False,False,False,False,False,False,False,True,False,False,False,False,False,False,False,False,False,False,other,False
int. s.i.s.te srl,VIALE,SARCA,223,1427,9,accesso interno,45,alfa wassermann s.p.a.,somministrazione,Assente,self service,130.0,False,False,False,False,False,False,False,False,False,True,False,False,False,False,False,False,False,False,False,False,company,False
Non specificata,VIALE,STURZO DON LUIGI,000,1704,9,accesso interno,316,Non specificato,somministrazione,Assente,self service,77.0,False,False,False,False,False,False,False,False,False,True,False,False,False,False,False,False,False,False,False,False,other,False
Non specificata,VIALE,TESTI FULVIO,121,1441,9,accesso interno,96,mensa manifattura tabacchi,somministrazione,Assente,self service,153.0,False,False,False,False,False,False,False,False,False,True,False,False,False,False,False,False,False,False,False,False,other,False
Non specificata,VIALE,TESTI FULVIO,285,1441,9,accesso interno,33,ditte convenzionate,somministrazione,Assente,self service,250.0,False,False,False,False,False,False,False,False,False,True,False,False,False,False,False,False,False,False,False,False,other,False
Non specificata,VIALE,TESTI FULVIO,330,1441,9,accesso interno,37,italfarmaco spa,somministrazione,Assente,self service,175.0,False,False,False,False,False,False,False,False,False,True,False,False,False,False,False,False,False,False,False,False,other,False
Non specificata,VIALE,UMBRIA,009,3145,4,accesso interno,0,Non specificato,somministrazione,Assente,self service,136.0,False,False,False,False,False,False,False,False,False,True,False,False,False,False,False,False,False,False,False,False,other,False
7112007,PIAZZALE,CIMITERO MONUMENTALE,000,7233,8,accesso interno,0,cimitero monumentale,somministrazione,Assente,al banco,73.0,False,False,False,False,False,False,False,False,False,True,False,False,False,False,False,False,False,False,False,False,other,False
asilo nido comunale,VIA,ZURETTI GIANFRANCO,70,1216,2,accesso interno,0,asilo nido comunale,somministrazione,Assente,al banco,156.0,False,False,False,False,False,False,False,False,False,True,False,False,False,False,False,False,False,False,False,False,other,False
atm deposito messina,VIA,MESSINA,41,7211,8,accesso interno,38,a.t.m.,somministrazione,Assente,self service,216.0,False,False,False,False,False,False,False,False,False,True,False,False,False,False,False,False,False,False,False,False,other,False
atm deposito novara,VIA,NOVARA,41,6624,7,accesso interno,68,a.t.m.,somministrazione,Assente,self service,182.0,False,False,False,False,False,False,False,False,False,True,False,False,False,False,False,False,False,False,False,False,other,False
atm deposito palmanova,VIA,ESTERLE CARLO,6,2368,2,accesso interno,300,a.t.m.,somministrazione,Assente,self service,213.0,False,False,False,False,False,False,False,False,False,True,False,False,False,False,False,False,False,False,False,False,other,False
atm deposito sarca,VIALE,SARCA,10,1427,9,accesso interno,157,a.t.m.,somministrazione,Assente,self service,278.0,False,False,False,False,False,False,False,False,False,True,False,False,False,False,False,False,False,False,False,False,other,False
azienda,VIA,BROLETTO,46,720,1,accesso interno,367,gruppo banca leonardo spa,somministrazione,Assente,self service,157.0,False,False,False,False,False,False,False,False,False,True,False,False,False,False,False,False,False,False,False,False,company,False
azienda,VIA,BUSTO ARSIZIO,40,7363,8,accesso interno,0,giuffrè editore,somministrazione,Assente,self service,155.0,False,False,False,False,False,False,False,False,False,True,False,False,False,False,False,False,False,False,False,False,company,False
azienda,VIA,FORTEZZA,27,2449,2,accesso interno,10,a e g marco spa,somministrazione,Assente,self service,257.0,False,False,False,False,False,False,False,False,False,True,False,False,False,False,False,False,False,False,False,False,company,False
azienda,VIA,ROMBON,11,2659,3,accesso interno,94,mensa interaziendale,somministrazione,Assente,self service,155.0,False,False,False,False,False,False,False,False,False,True,False,False,False,False,False,False,False,False,False,False,company,False
ballestra azienda,VIA,PORTALUPPI PIERO,17,3332,4,accesso interno,81,ballestra spa,somministrazione,Assente,self service,182.0,False,False,False,False,False,False,False,False,False,True,False,False,False,False,False,False,False,False,False,False,company,False
bilingual european school,VIA,VAL CISMON,9,1666,9,accesso interno,132,bilingual european school,somministrazione,Assente,self service,77.0,False,False,False,False,False,False,False,False,False,True,False,False,False,False,False,False,False,False,False,False,other,False
bnl,VIA,ACHILLE,4,6419,7,accesso interno,132,bnl,somministrazione,Assente,self service,167.0,False,False,False,False,False,False,False,False,False,True,False,False,False,False,False,False,False,False,False,False,other,False
c/0 agenzia entrate milan,PIAZZA,STUPARICH CARLO,2,6468,8,accesso esterno,165,agenzia delle entrate uffi,somministrazione,Assente,al banco,130.0,False,False,False,False,False,False,False,False,False,True,False,False,False,False,False,False,False,False,False,False,public_office,False
c/0 atahotel fiera milano,VIALE,BOEZIO SEVERINO,20,6357,8,accesso interno,84,albergo atahtel fieramilan,somministrazione,Assente,self service,55.0,False,False,False,False,False,False,False,False,False,True,False,False,False,False,False,False,False,False,False,False,other,False
casa cura la madonnina,VIA,LAMARMORA ALFONSO,10,4103,1,accesso interno,116,casa di cura città di mila,somministrazione,Assente,self service,99.0,False,False,False,False,False,False,False,False,False,True,False,False,False,False,False,False,False,False,False,False,hospital,False
casa di cura san camillo,VIA,MACCHI MAURO,5,2133,2,accesso interno,54,casa di cura san camillo,somministrazione,Assente,self service,154.0,False,False,False,False,False,False,False,False,False,True,False,False,False,False,False,False,False,False,False,False,hospital,False
casa di reclusione,VIA,CAMPORGNAGO,40,4358,5,accesso interno,219,casa di reclusione milano,somministrazione,Assente,self service,160.0,False,False,False,False,False,False,False,False,False,True,False,False,False,False,False,False,False,False,False,False,other,False
casa famiglia milano affo,VIA,FACCIO FRANCO,15,1562,9,accesso interno,88,casa famiglia di milano af,somministrazione,Assente,self service,130.0,False,False,False,False,False,False,False,False,False,True,False,False,False,False,False,False,False,False,False,False,other,False
casa oasi s.francesco,VIA,ARZAGA,23,6674,6,accesso interno,69,oasi s.francesco,somministrazione,Assente,self service,288.0,False,False,False,False,False,False,False,False,False,True,False,False,False,False,False,False,False,False,False,False,other,False
casa riposo s.giuseppe,VIA,DELLE ANDE,11,7496,8,accesso interno,62,casa di riposo san giusepp,somministrazione,Assente,al tavolo,124.0,False,False,False,False,False,False,False,False,False,True,False,False,False,False,False,False,False,False,False,False,other,False
centro scolastico aurora,VIA,NOE ENRICO,24,2211,3,accesso interno,109,centro scolastico aurora,somministrazione,Assente,self service,59.0,False,False,False,False,False,False,False,False,False,True,False,False,False,False,False,False,False,False,False,False,other,False
centro scolastico monfore,PIAZZALE,MADONNA DI FATIMA,1,4382,5,accesso interno,0,Non specificato,somministrazione,Assente,al banco,136.0,False,False,False,False,False,False,False,False,False,True,False,False,False,False,False,False,False,False,False,False,other,False
cimitero lambrate,VIALE,TURCHIA,000,2700,3,accesso interno,0,cimitero lambrate,somministrazione,Assente,al banco,67.0,False,False,False,False,False,False,False,False,False,True,False,False,False,False,False,False,False,False,False,False,other,False
cimitero maggiore,PIAZZALE,CIMITERO MAGGIORE,000,7442,8,accesso interno,0,cimitero maggiore,somministrazione,Assente,al banco,175.0,False,False,False,False,False,False,False,False,False,True,False,False,False,False,False,False,False,False,False,False,other,False
c/o alcantara,VIA,MECENATE,86,3323,4,accesso interno,73,alcantara,somministrazione,Assente,self service,246.0,False,False,False,False,False,False,False,False,False,True,False,False,False,False,False,False,False,False,False,False,other,False
c/o asilo nido,VIALE,PIAVE,38,2179,3,accesso interno,151,asilo nido,somministrazione,Assente,self service,37.0,False,False,False,False,False,False,False,False,False,True,False,False,False,False,False,False,False,False,False,False,other,False
c/o asilo nido il giardin,VIA,PONTI ETTORE,17,5297,6,accesso esterno,29,Non specificato,somministrazione,Assente,self service,30.0,False,False,False,False,False,False,False,False,False,True,False,False,False,False,False,False,False,False,False,False,other,False
c/o a.t.m.,VIA,CUSTODI PIETRO,7,5199,5,accesso interno,96,a.t.m.,somministrazione,Assente,self service,142.0,False,False,False,False,False,False,False,False,False,True,False,False,False,False,False,False,False,False,False,False,other,False
c/o a.t.m.,VIA,F.LLI RIZZARDI,75,6736,8,accesso interno,9,a.t.m.,somministrazione,Assente,self service,304.0,False,False,False,False,False,False,False,False,False,True,False,False,False,False,False,False,False,False,False,False,other,False
c/o a.t.m.,VIA,MARIGNANO,51,3351,4,accesso interno,93,a.t.m.,somministrazione,Assente,self service,172.0,False,False,False,False,False,False,False,False,False,True,False,False,False,False,False,False,False,False,False,False,other,False
c/o banca nazion.lavoro,VIA,CRESPI BENIGNO,26,1313,9,accesso interno,71,banca nazionale del lavoro,somministrazione,Assente,self service,185.0,False,False,False,False,False,False,False,False,False,True,False,False,False,False,False,False,False,False,False,False,other,False
c/o citybank milano,FORO,BUONAPARTE,16,711,1,accesso interno,293,citibank milano,somministrazione,Assente,self service,210.0,False,False,False,False,False,False,False,False,False,True,False,False,False,False,False,False,False,False,False,False,other,False
c/o dompe farmaceutici,VIA,SAN MARTINO,12,4016,1,accesso interno,47,dompe' farmaceutici,somministrazione,Assente,self service,113.0,False,False,False,False,False,False,False,False,False,True,False,False,False,False,False,False,False,False,False,False,other,False
c/o fosfantartiglio spa,VIA,DEI FONTANILI,32,4224,5,accesso interno,39,fosfantartiglio,somministrazione,Assente,self service,60.0,False,False,False,False,False,False,False,False,False,True,False,False,False,False,False,False,False,False,False,False,other,False
c/o ist. s. giuseppe,VIA,BAZZINI ANTONIO,10,2427,3,accesso interno,48,istituto san giuseppe,somministrazione,Assente,self service,65.0,False,False,False,False,False,False,False,False,False,True,False,False,False,False,False,False,False,False,False,False,other,False
c/o ist. suore di m. con.,VIA,GIOIA MELCHIORRE,51,1108,2,accesso interno,239,istituto delle suore di ma,somministrazione,Assente,self service,157.0,False,False,False,False,False,False,False,False,False,True,False,False,False,False,False,False,False,False,False,False,other,False
c/o luigi zaini spa,VIA,IMBONATI CARLO,59,1311,9,accesso interno,59,luigi zaini s.p.a.,somministrazione,Assente,self service,100.0,False,False,False,False,False,False,False,False,False,True,False,False,False,False,False,False,False,False,False,False,company,False
complesso multiservizi,VIA,OGLIO,18,4105,4,accesso interno,50,comune di milano,somministrazione,Assente,al banco,229.0,False,False,False,False,False,False,False,False,False,True,False,False,False,False,False,False,False,False,False,False,public_office,False
comune,VIA,FRIULI,30,3199,4,accesso interno,143,comune di milano,somministrazione,Assente,al banco,308.0,False,False,False,False,False,False,False,False,False,True,False,False,False,False,False,False,False,False,False,False,public_office,False
comune di milano,VIA,MONVISO,6,7212,8,accesso interno,54,mensa comune di milano,somministrazione,Assente,self service,159.0,False,False,False,False,False,False,False,False,False,True,False,False,False,False,False,False,False,False,False,False,public_office,False
consiglio naz. della rice,VIA,BASSINI EDOARDO,15,2587,3,accesso interno,81,consiglio nazionale delle,somministrazione,Assente,self service,154.0,False,False,False,False,False,False,False,False,False,True,False,False,False,False,False,False,False,False,False,False,other,False
c/o r.s.a. quarenghi,VIA,QUARENGHI GIACOMO,022,7478,8,accesso interno,0,r.s.a. quarenghi,somministrazione,Assente,self service,142.0,False,False,False,False,False,False,False,False,False,True,False,False,False,False,False,False,False,False,False,False,other,False
c/o suore domenicane,VIALE,VIGLIANI PAOLO ONORATO,51,6422,8,accesso interno,169,suore domenicane miss. del,somministrazione,Assente,self service,133.0,False,False,False,False,False,False,False,False,False,True,False,False,False,False,False,False,False,False,False,False,other,False
c/o tamoil italia spa,VIA,COSTA ANDREA,17,2276,2,accesso interno,353,tamoil italia s.p.a.,somministrazione,Assente,self service,396.0,False,False,False,False,False,False,False,False,False,True,False,False,False,False,False,False,False,False,False,False,company,False
c/o telecom,VIA,TACITO CORNELIO,14,4168,4,accesso interno,186,telecom italia,somministrazione,Assente,self service,210.0,False,False,False,False,False,False,False,False,False,True,False,False,False,False,False,False,False,False,False,False,other,False
c/o touring club italiano,CORSO,ITALIA,10,526,1,accesso interno,354,touring club italiano,somministrazione,Assente,self service,261.0,False,False,False,False,False,False,False,False,False,True,False,False,False,False,False,False,False,False,False,False,other,False
c/o turing club italiano,VIA,ADAMELLO,10,4135,5,accesso interno,12,touring club italiano,somministrazione,Assente,self service,259.0,False,False,False,False,False,False,False,False,False,True,False,False,False,False,False,False,False,False,False,False,other,False
c/o vaillant spa,VIA,CRESPI BENIGNO,70,1313,9,accesso interno,54,vaillant spa,somministrazione,Assente,self service,134.0,False,False,False,False,False,False,False,False,False,True,False,False,False,False,False,False,False,False,False,False,other,False
c/o xerox spa,VIA,MEDICI DEL VASCELLO GIACOMO,26,3377,4,accesso interno,36,xerox spa - pal. 3/a,somministrazione,Assente,self service,50.0,False,False,False,False,False,False,False,False,False,True,False,False,False,False,False,False,False,False,False,False,other,False
cr fond. biffi villa anto,VIA,DEI CICLAMINI,34,6693,6,accesso interno,34,fondazione biffi,somministrazione,Assente,self service,55.0,False,False,False,False,False,False,False,False,False,True,False,False,False,False,False,False,False,False,False,False,other,False
int. a.t.m.,VIA,TEODOSIO,89,2550,3,accesso interno,3,a.t.m.,somministrazione,Assente,self service,170.0,False,False,False,False,False,False,False,False,False,True,False,False,False,False,False,False,False,False,False,False,other,False
internationalschool of eu,VIA,CACCIALEPORI,22,6557,7,accesso interno,293,scuola international schoo,somministrazione,Assente,self service,228.0,False,False,False,False,False,False,False,False,False,True,False,False,False,False,False,False,False,False,False,False,school,False
interno a.t.m.,LARGO,SERENI VITTORIO,1,3384,4,accesso interno,0,Non specificato,somministrazione,Assente,self service,118.0,False,False,False,False,False,False,False,False,False,True,False,False,False,False,False,False,False,False,False,False,other,False
int.poste italiane,PIAZZA,VESUVIO,6,6110,7,accesso interno,289,cuas-ps-polo tecnologico,somministrazione,Assente,self service,161.0,False,False,False,False,False,False,False,False,False,True,False,False,False,False,False,False,False,False,False,False,other,False
int. sanofi aventis spa.,VIALE,BODIO LUIGI,37,1237,9,accesso interno,0,sanofi aventis s.p.a.,somministrazione,Assente,self service,152.0,False,False,False,False,False,False,False,False,False,True,False,False,False,False,False,False,False,False,False,False,company,False
int.vodafone,VIA,BISCEGLIE,104,6707,6,accesso interno,86,vodafone,somministrazione,Assente,al banco,157.0,False,False,False,False,False,False,False,False,False,True,False,False,False,False,False,False,False,False,False,False,other,False
int. zust ambrosetti spa.,VIA,TOFFETTI VINCENZO,104,4188,4,accesso interno,34,zust ambrosetti,somministrazione,Assente,self service,345.0,False,False,False,False,False,False,False,False,False,True,False,False,False,False,False,False,False,False,False,False,other,False
istituto giacomo leopardi,VIA,ARENA,13,5182,1,accesso interno,216,istituto giacomo leopardi,somministrazione,Assente,self service,81.0,False,False,False,False,False,False,False,False,False,True,False,False,False,False,False,False,False,False,False,False,other,False
istituto leopardi,VIA,CARROCCIO,9,5094,1,accesso interno,459,istituto leopardi,somministrazione,Assente,self service,42.0,False,False,False,False,False,False,False,False,False,True,False,False,False,False,False,False,False,False,False,False,other,False
istituto san vincenzo,VIA,COPERNICO NICOLO',1,1204,2,accesso interno,240,istituto san vincenzo,somministrazione,Assente,self service,174.0,False,False,False,False,False,False,False,False,False,True,False,False,False,False,False,False,False,False,False,False,other,False
istituto s.carlo,CORSO,MAGENTA,71,604,1,accesso interno,144,collegio san carlo s.r.l.,somministrazione,Assente,self service,180.0,False,False,False,False,False,False,False,False,False,True,False,False,False,False,False,False,False,False,False,False,other,False
ist. maria consolatrice,VIALE,CORSICA,078,3262,4,accesso interno,0,istituto delle suore di ma,somministrazione,Assente,self service,49.0,False,False,False,False,False,False,False,False,False,True,False,False,False,False,False,False,False,False,False,False,other,False
ist.naz.fanciulez.abband.,VIA,BIXIO NINO,16,3133,3,accesso interno,155,ass. naz.della fanciullezz,somministrazione,Assente,self service,157.0,False,False,False,False,False,False,False,False,False,True,False,False,False,False,False,False,False,False,False,False,other,False
ist. sales. sant ambrogio,VIA,COPERNICO NICOLO',9,1204,2,accesso interno,240,istituto salesiano s. ambr,somministrazione,Assente,al tavolo,170.0,False,False,False,False,False,False,False,False,False,True,False,False,False,False,False,False,False,False,False,False,other,False
mediolanum farmaceutici,VIA,COTTOLENGO SAN GIUSEPPE,15,5375,6,accesso interno,0,mediolanum farmaceutici s.,somministrazione,Assente,self service,150.0,False,False,False,False,False,False,False,False,False,True,False,False,False,False,False,False,False,False,False,False,other,False
mensa,VIA,APELLE,38,2454,2,accesso interno,113,Non specificato,somministrazione,Assente,self service,114.0,False,False,False,False,False,False,False,False,False,True,False,False,False,False,False,False,False,False,False,False,other,False
mensa bar resid.anziani,VIA,DARWIN CARLO ROBERTO,17,5238,6,accesso interno,83,residenza sanitaria per an,somministrazione,Assente,self service,285.0,False,False,False,False,False,False,False,False,False,True,False,False,False,False,False,False,False,False,False,False,horeca,False
mensa c/o bic italia spa.,VIA,LORENZINI GIOVANNI,10,4005,5,accesso interno,12,bic italia s.p.a.,somministrazione,Assente,self service,153.0,False,False,False,False,False,False,False,False,False,True,False,False,False,False,False,False,False,False,False,False,company,False
mensa c/o f.f.s.s.,VIA,BREDA ERNESTO,28,2342,2,accesso interno,93,Non specificato,somministrazione,Assente,self service,292.0,False,False,False,False,False,False,False,False,False,True,False,False,False,False,False,False,False,False,False,False,other,False
mensa c/o f.lli branca,VIA,RESEGONE,2,1228,9,accesso interno,99,f.lli branca distillerie,somministrazione,Assente,self service,156.0,False,False,False,False,False,False,False,False,False,True,False,False,False,False,False,False,False,False,False,False,other,False
mensa c/o hachette ruscon,VIALE,SARCA,235,1427,9,accesso interno,43,hachette rusconi,somministrazione,Assente,self service,156.0,False,False,False,False,False,False,False,False,False,True,False,False,False,False,False,False,False,False,False,False,other,False
mensa c/o humana italia,VIALE,LIGURIA,18,5264,6,accesso interno,156,humana italia s.p.a.,somministrazione,Assente,self service,104.0,False,False,False,False,False,False,False,False,False,True,False,False,False,False,False,False,False,False,False,False,company,False
mensa c/o idb holding,VIALE,ORTLES,12,4133,5,accesso esterno,104,idb holding,somministrazione,Assente,self service,192.0,False,False,False,False,False,False,False,False,False,True,False,False,False,False,False,False,False,False,False,False,other,False
mensa c/o ist.p.redaelli,VIA,BARTOLOMEO D'ALVIANO,78,6612,6,accesso esterno,29,istituto p. redaelli,somministrazione,Assente,self service,156.0,False,False,False,False,False,False,False,False,False,True,False,False,False,False,False,False,False,False,False,False,other,False
mensa c/o iulm,VIA,FILARGO PIETRO,20,5277,6,accesso interno,23,università iulm,somministrazione,Assente,self service,233.0,False,False,False,False,False,False,False,False,False,True,False,False,False,False,False,False,False,False,False,False,school,False
mensa c/o osped.militare,VIA,SAINT BON SIMONE,7,6670,7,accesso interno,187,ospedale militare di milan,somministrazione,Assente,self service,157.0,False,False,False,False,False,False,False,False,False,True,False,False,False,False,False,False,False,False,False,False,hospital,False
mensa c/o risomesa spa.,VIA,DEI MOCENIGO,9,4165,4,accesso interno,180,risomesa spa,somministrazione,Assente,self service,40.0,False,False,False,False,False,False,False,False,False,True,False,False,False,False,False,False,False,False,False,False,other,False
mensa c/o siei peterlongo,VIA,LOMELLINA,41,3280,4,accesso interno,218,siei peterlongo spa,somministrazione,Assente,self service,126.0,False,False,False,False,False,False,False,False,False,True,False,False,False,False,False,False,False,False,False,False,other,False
mensa c/o teatro scala,VIA,BERGOGNONE AMBROGIO DA FOSSANO,34,5130,6,accesso interno,31,fondaz. teatro alla scala,somministrazione,Assente,self service,146.0,False,False,False,False,False,False,False,False,False,True,False,False,False,False,False,False,False,False,False,False,other,False
mensa c/o teatro scala,VIALE,DELL' INNOVAZIONE,20,1731,9,accesso interno,0,fondaz.teatro alla scala,somministrazione,Assente,self service,194.0,False,False,False,False,False,False,False,False,False,True,False,False,False,False,False,False,False,False,False,False,other,False
mensa c/o valeas spa.,VIA,VALLISNERI ANTONIO,010,2582,3,accesso interno,0,valeas s.p.a.,somministrazione,Assente,self service,132.0,False,False,False,False,False,False,False,False,False,True,False,False,False,False,False,False,False,False,False,False,company,False
mensa f.f.s.s.,VIA,CASSINIS GIOVANNI BATTISTA,73,4309,4,accesso interno,34,Non specificato,somministrazione,Assente,self service,168.0,False,False,False,False,False,False,False,False,False,True,False,False,False,False,False,False,False,False,False,False,other,False
mensa f.f.s.s.,VIA,SAMMARTINI GIOVANNI BATTISTA,21,1202,2,accesso interno,0,ferrovie dello stato,somministrazione,Assente,self service,406.0,False,False,False,False,False,False,False,False,False,True,False,False,False,False,False,False,False,False,False,False,other,False
mensa hotel executive,VIALE,STURZO DON LUIGI,45,1704,9,accesso interno,316,hotel executive,somministrazione,Assente,self service,108.0,False,False,False,False,False,False,False,False,False,True,False,False,False,False,False,False,False,False,False,False,other,False
mensa int.asilo nido,VIA,CIRILLO DOMENICO,16,7133,1,accesso interno,135,asilo nido,somministrazione,Assente,self service,192.0,False,False,False,False,False,False,False,False,False,True,False,False,False,False,False,False,False,False,False,False,other,False
mensa int europ assistanc,PIAZZA,TRENTO,6,4220,5,accesso interno,152,europ assistance service,somministrazione,Assente,self service,300.0,False,False,False,False,False,False,False,False,False,True,False,False,False,False,False,False,False,False,False,False,other,False
mensa int.f.f.s.s.,VIA,VALTELLINA,009,1188,9,accesso interno,0,ferrovie dello stato,somministrazione,Assente,self service,176.0,False,False,False,False,False,False,False,False,False,True,False,False,False,False,False,False,False,False,False,False,other,False
mensa int.galbani,VIA,GIOIA FLAVIO,6,6402,8,accesso esterno,173,lactalis italia,somministrazione,Assente,self service,223.0,False,False,False,False,False,False,False,False,False,True,False,False,False,False,False,False,False,False,False,False,other,False
mensa int.ist.gonzaga,VIA,VITRUVIO,41,2134,2,accesso interno,55,istituto gonzaga,somministrazione,Assente,self service,158.0,False,False,False,False,False,False,False,False,False,True,False,False,False,False,False,False,False,False,False,False,other,False
mensa istit.sacro cuore,PIAZZA,BUONARROTI MICHELANGELO,30,6252,8,accesso interno,176,istituto sacro cuore,somministrazione,Assente,self service,246.0,False,False,False,False,False,False,False,False,False,True,False,False,False,False,False,False,False,False,False,False,other,False
mensa periodici s.paolo,VIA,DUCCIO DI BONINSEGNA,10,6251,8,accesso interno,176,periodici san paolo,somministrazione,Assente,self service,317.0,False,False,False,False,False,False,False,False,False,True,False,False,False,False,False,False,False,False,False,False,other,False
metrop. m5 torno-ansaldi,VIA,RACCONIGI,000,1091,9,accesso interno,0,cantiere torno ansaldo met,somministrazione,Assente,self service,154.0,False,False,False,False,False,False,False,False,False,True,False,False,False,False,False,False,False,False,False,False,other,False
mocronido,VIA,BRIOSI GIOVANNI,12,3209,3,accesso interno,194,micronido,somministrazione,Assente,self service,156.0,False,False,False,False,False,False,False,False,False,True,False,False,False,False,False,False,False,False,False,False,other,False
officina riparazione ffss,VIA,F.LLI BRESSAN,43,2349,2,accesso interno,96,Non specificato,somministrazione,Assente,self service,227.0,False,False,False,False,False,False,False,False,False,True,False,False,False,False,False,False,False,False,False,False,other,False
ospedale gaetano pini,VIA,ISOCRATE,19,2353,2,accesso interno,143,ospedale gaetano pini,somministrazione,Assente,self service,159.0,False,False,False,False,False,False,False,False,False,True,False,False,False,False,False,False,False,False,False,False,hospital,False
ospedale s. paolo,VIA,DI RUDINI' ANTONIO,8,5429,6,accesso interno,102,ospedale san paolo,somministrazione,Assente,self service,168.0,False,False,False,False,False,False,False,False,False,True,False,False,False,False,False,False,False,False,False,False,hospital,False
pensionato univ.bocconi,VIA,BOCCONI FERDINANDO,12,4050,5,accesso interno,102,pensionato università bocc,somministrazione,Assente,self service,122.0,False,False,False,False,False,False,False,False,False,True,False,False,False,False,False,False,False,False,False,False,school,False
pierrel spa,VIA,BISCEGLIE,104,6707,6,accesso interno,86,pierrel spa,somministrazione,Assente,al tavolo,156.0,False,False,False,False,False,False,False,False,False,True,False,False,False,False,False,False,False,False,False,False,other,False
residenza anni azzurri sp,VIA,SAN FAUSTINO,21,2681,3,accesso interno,0,residenza anni azzurri,somministrazione,Assente,self service,210.0,False,False,False,False,False,False,False,False,False,True,False,False,False,False,False,False,False,False,False,False,other,False
residenza per anziani,PIAZZA,DEI VOLONTARI,3,7143,1,accesso interno,128,residenza sanitaria per an,somministrazione,Assente,self service,164.0,False,False,False,False,False,False,False,False,False,True,False,False,False,False,False,False,False,False,False,False,other,False
r.s.a. il parco delle cav,VIA,CAPRI,21,6761,7,accesso interno,0,r.s.a. il parco delle cave,somministrazione,Assente,self service,169.0,False,False,False,False,False,False,False,False,False,True,False,False,False,False,False,False,False,False,False,False,other,False
rsa mater gratiae,VIA,CORRADO II IL SALICO,50,4225,5,accesso interno,0,rsa mater gratiae,somministrazione,Assente,self service,157.0,False,False,False,False,False,False,False,False,False,True,False,False,False,False,False,False,False,False,False,False,other,False
rsa per anziani,VIA,OLGETTINA,63,2530,3,accesso interno,0,r.s.a. ambrosiana,somministrazione,Assente,self service,150.0,False,False,False,False,False,False,False,False,False,True,False,False,False,False,False,False,False,False,False,False,other,False
rsa sapientae,VIA,VARAZZE,7,6503,7,accesso interno,0,rsa mater sapientiae,somministrazione,Assente,self service,155.0,False,False,False,False,False,False,False,False,False,True,False,False,False,False,False,False,False,False,False,False,other,False
sandiiw italia spa,VIA,VARESINA,184,7290,8,accesso interno,151,sandvik italia spa,somministrazione,Assente,self service,300.0,False,False,False,False,False,False,False,False,False,True,False,False,False,False,False,False,False,False,False,False,other,False
sanofi aventis,VIA,SBODIO GAETANO,2,2670,3,accesso interno,110,sanofi aventis,somministrazione,Assente,self service,156.0,False,False,False,False,False,False,False,False,False,True,False,False,False,False,False,False,False,False,False,False,other,False
scuola,VIA,COLLEONI BARTOLOMEO,8,7229,8,accesso interno,347,scuola,somministrazione,Assente,self service,182.0,False,False,False,False,False,False,False,False,False,True,False,False,False,False,False,False,False,False,False,False,school,False
scuola,VIALE,GORIZIA,5,5156,6,accesso interno,55,scuola gaffurio,somministrazione,Assente,self service,154.0,False,False,False,False,False,False,False,False,False,True,False,False,False,False,False,False,False,False,False,False,school,False
scuola d infanzia,VIA,MAGREGLIO,3,7486,8,accesso interno,215,scuola dell'infanzia,somministrazione,Assente,self service,159.0,False,False,False,False,False,False,False,False,False,True,False,False,False,False,False,False,False,False,False,False,school,False
scuola d infanzia,VIALE,D'ANNUNZIO GABRIELE,17,5170,1,accesso interno,54,scuola dell'infanzia,somministrazione,Assente,self service,180.0,False,False,False,False,False,False,False,False,False,True,False,False,False,False,False,False,False,False,False,False,school,False
settore tecnici comune,VIA,AMARI MICHELE,18,7181,8,accesso interno,309,comune di milano,somministrazione,Assente,al banco,270.0,False,False,False,False,False,False,False,False,False,True,False,False,False,False,False,False,False,False,False,False,public_office,False
s. tommaso moro,VIA,INGANNI ANGELO,12,6672,6,accesso interno,92,s. tommaso moro,somministrazione,Assente,self service,157.0,False,False,False,False,False,False,False,False,False,True,False,False,False,False,False,False,False,False,False,False,other,False
struttura polifunzionale,VIA,CALATAFIMI,3,5190,1,accesso interno,0,struttura polifunzionale,somministrazione,Assente,self service,177.0,False,False,False,False,False,False,False,False,False,True,False,False,False,False,False,False,False,False,False,False,other,False
teatro della scala,VIA,CAMPO LODIGIANO,2,592,1,accesso interno,273,teatro alla scala,somministrazione,Assente,self service,64.0,False,False,False,False,False,False,False,False,False,True,False,False,False,False,False,False,False,False,False,False,other,False
termokimik-corporation,VIA,FLUMENDOSA,13,2522,2,accesso interno,248,termokimik corporation,somministrazione,Assente,self service,193.0,False,False,False,False,False,False,False,False,False,True,False,False,False,False,False,False,False,False,False,False,other,False
vidas,VIA,OJETTI UGO,66,7516,8,accesso interno,0,assistenza malati terminal,somministrazione,Assente,self service,155.0,False,False,False,False,False,False,False,False,False,True,False,False,False,False,False,False,False,False,False,False,other,False
Non specificata,VIA,MARCONA,69,3080,4,accesso interno,237,casa di cura igea,somministrazione,Assente,misto,200.0,True,False,False,False,False,False,False,False,False,True,False,False,False,False,False,False,False,False,False,False,hospital,False
Non specificata,VIA,MECENATE,96,3323,4,accesso interno,0,rsa g. gerosa brichetto,somministrazione,Assente,self service,161.0,True,False,False,False,False,False,False,False,False,True,False,False,False,False,False,False,False,False,False,False,other,False
Non specificata,VIA,VIZZOLA,5,1763,9,accesso interno,0,i.s.u. studi di milano,somministrazione,Assente,self service,161.0,True,False,False,False,False,False,False,False,False,True,False,False,False,False,False,False,False,False,False,False,other,False
assoc.chiesa scientology,VIA,LEPONTINA,4,1147,9,accesso interno,205,chiesa di scientology,somministrazione,Assente,self service,240.0,True,False,False,False,False,False,False,False,False,True,False,False,False,False,False,False,False,False,False,False,other,False
i.t.i.s. m.curie,VIA,F.LLI ZOIA,130,6306,7,accesso interno,266,i.t.i. curie-i.t.c. sraffa,somministrazione,Assente,self service,201.0,True,False,False,False,False,False,False,False,False,True,False,False,False,False,False,False,False,False,False,False,other,False
sir james henderson schoo,VIA,PISANI DOSSI CARLO ALBERTO,16,2638,3,accesso interno,77,sir james henderson school,somministrazione,Assente,self service,230.0,True,False,False,False,False,False,False,False,False,True,False,False,False,False,False,False,False,False,False,False,other,False
uffici,VIA,BAROZZI MICHELE,003,3042,1,accesso interno,0,società bonelli erede papp,somministrazione,Assente,self service,184.0,True,False,False,False,False,False,False,False,False,True,False,False,False,False,False,False,False,False,False,False,company,False
Non specificata,VIA,TORTONA,27,5124,6,accesso interno,0,superstudio più,somministrazione,Assente,self service,159.0,True,False,False,False,False,False,False,False,False,True,False,False,True,False,False,False,False,True,False,True,other,False
Non specificata,PIAZZA,MISSORI GIUSEPPE,1,525,1,accesso esterno,424,mensa dip. hotel cavalieri,somministrazione,Assente,misto,132.0,False,False,False,False,True,False,False,False,False,True,False,False,False,False,False,False,False,False,False,False,other,False
Non specificata,CORSO,SEMPIONE,27,7137,8,accesso interno,90,rai radio televisione ital,somministrazione,Assente,al banco,413.0,False,False,False,False,False,False,False,True,False,True,False,False,False,False,False,False,False,False,False,False,other,False
Non specificata,VIA,LOPE DE VEGA FELICE,2,5408,6,accesso interno,0,residenza sanitaria assist,somministrazione,minuto,al banco,25.0,False,False,False,False,False,False,False,True,False,True,False,False,False,False,False,False,False,False,False,False,other,False
c/o centro direz.c.t.c.,VIALE,LEGIONI ROMANE,43,6649,6,accesso interno,25,c.t.c. s.p.a.,somministrazione,Assente,self service,398.0,False,False,False,False,False,False,False,True,False,True,False,False,False,False,False,False,False,False,False,False,company,False
mensa int.italcogim spa.,VIA,MAROSTICA,1,6591,7,accesso interno,0,italcogim s.p.a.,somministrazione,Assente,self service,386.0,False,False,False,False,False,False,False,True,False,True,False,False,False,False,False,False,False,False,False,False,company,False
Non specificata,VIA,LEONE XIII,1,6353,8,accesso interno,152,Non specificato,somministrazione,Assente,self service,173.0,True,False,False,False,False,False,False,True,False,True,False,False,False,False,False,False,False,False,False,False,other,False
c/o deutsche bank,PIAZZA,DEL CALENDARIO,3,1762,9,accesso interno,0,deutsche bank,somministrazione,Assente,self service,161.0,True,False,False,False,False,False,False,True,False,True,False,False,False,False,False,False,False,False,False,False,other,False
a2a spa,CORSO,DI PORTA VITTORIA,4,3016,1,accesso interno,268,a 2 a spa,somministrazione,Assente,self service,176.0,False,False,False,False,False,False,False,False,False,True,False,False,True,False,False,False,False,True,False,True,other,False
ist.cult.lingue marcellin,PIAZZA,TOMMASEO NICOLO',1,6175,1,accesso interno,150,istit. di cultura e lingue,somministrazione,Assente,self service,374.0,False,False,False,False,False,False,False,False,False,True,False,False,True,False,False,False,False,True,False,True,other,False
bar tabacchi,VIALE,DELL' AVIAZIONE,65,3319,4,area aperta recintata,101,Non specificato,somministrazione,Assente,misto,122.0,True,False,False,False,False,False,False,True,False,True,False,False,True,False,False,False,False,True,False,True,horeca,False
Non specificata,GALLERIA,DE CRISTOFORIS,7,100,1,accesso interno,361,Non specificato,somministrazione,Assente,self service,149.0,False,False,False,False,False,False,False,False,False,True,False,False,False,False,True,False,True,False,True,False,other,False
Non specificata,VIA,DEI VALTORTA,48,2324,2,accesso interno,273,mensa interaziendale,somministrazione,Assente,self service,160.0,False,False,False,False,False,False,False,False,False,True,False,False,False,False,True,False,True,False,True,False,company,False
Non specificata,VIA,ERACLITO,30,2403,2,accesso interno,33,beiersdorf,somministrazione,Assente,self service,293.0,False,False,False,False,False,False,False,False,False,True,False,False,False,False,True,False,True,False,True,False,other,False
Non specificata,VIA,LORENTEGGIO,266,5132,6,accesso interno,86,intesa s.p.a.,somministrazione,Assente,self service,159.0,False,False,False,False,False,False,False,False,False,True,False,False,False,False,True,False,True,False,True,False,company,False
Non specificata,VIA,PRUDENZIO CLEMENTE,014,3359,4,accesso interno,0,Non specificato,somministrazione,Assente,self service,133.0,False,False,False,False,False,False,False,False,False,True,False,False,False,False,True,False,True,False,True,False,other,False
Non specificata,VIA,RIPAMONTI GIUSEPPE,89,4066,5,accesso interno,11,mensa interaziendale,somministrazione,Assente,self service,83.0,False,False,False,False,False,False,False,False,False,True,False,False,False,False,True,False,True,False,True,False,company,False
Non specificata,VIALE,GIOVANNI DA CERMENATE,4,5261,5,accesso interno,21,istituto scolastico m.a. c,somministrazione,Assente,self service,241.0,False,False,False,False,False,False,False,False,False,True,False,False,False,False,True,False,True,False,True,False,other,False
15102008,VIA,CAPECELATRO ALFONSO,66,6575,7,accesso interno,237,fondazione don c. gnocchi,somministrazione,Assente,self service,336.0,False,False,False,False,False,False,False,False,False,True,False,False,False,False,True,False,True,False,True,False,other,False
amsa spa,VIA,OLGETTINA,25,2530,3,accesso esterno,5,a.m.s.a.,somministrazione,Assente,self service,176.0,False,False,False,False,False,False,False,False,False,True,False,False,False,False,True,False,True,False,True,False,other,False
amsa spa,VIA,PRIMATICCIO FRANCESCO,205,6646,7,accesso interno,203,a.m.s.a.,somministrazione,Assente,self service,178.0,False,False,False,False,False,False,False,False,False,True,False,False,False,False,True,False,True,False,True,False,other,False
amsa spa,VIA,ZAMA,031,3328,4,accesso interno,89,a.m.s.a.,somministrazione,Assente,self service,280.0,False,False,False,False,False,False,False,False,False,True,False,False,False,False,True,False,True,False,True,False,other,False
a.t.m. deposito molise,VIALE,MOLISE,60,3178,4,accesso interno,88,a.t.m.,somministrazione,Assente,self service,187.0,False,False,False,False,False,False,False,False,False,True,False,False,False,False,True,False,True,False,True,False,other,False
c/0 istituto v.colonna,VIA,CONSERVATORIO,4,3031,1,accesso interno,102,istituto vittoria colonna,somministrazione,Assente,self service,377.0,False,False,False,False,False,False,False,False,False,True,False,False,False,False,True,False,True,False,True,False,other,False
c/o il sole 24 ore,VIA,BUSTO ARSIZIO,36,7363,8,accesso interno,174,il sole 24 ore s.p.a.,somministrazione,Assente,self service,149.0,False,False,False,False,False,False,False,False,False,True,False,False,False,False,True,False,True,False,True,False,company,False
c/o mipharn spa.,VIA,QUARANTA BERNARDO,12,4271,5,accesso interno,109,miharm s.p.a,somministrazione,Assente,self service,309.0,False,False,False,False,False,False,False,False,False,True,False,False,False,False,True,False,True,False,True,False,other,False
c/o ospedale don gnocchi,VIA,GIROLA CARLO,30,1099,9,accesso interno,71,fond. don carlo gnocchi,somministrazione,Assente,self service,97.0,False,False,False,False,False,False,False,False,False,True,False,False,False,False,True,False,True,False,True,False,hospital,True
c/o ppg industries italia,VIA,COMASINA,121,1573,9,accesso interno,1,ppg industries italia srl,somministrazione,Assente,self service,173.0,False,False,False,False,False,False,False,False,False,True,False,False,False,False,True,False,True,False,True,False,company,False
int.siemens serv.aziendal,VIA,VIPITENO,4,2493,2,accesso esterno,168,siemens s.p.a.,somministrazione,Assente,self service,417.0,False,False,False,False,False,False,False,False,False,True,False,False,False,False,True,False,True,False,True,False,company,False
ist suore angeliche spaol,VIA,BUONARROTI MICHELANGELO,49,6253,8,accesso interno,163,istituto suore angeliche,somministrazione,Assente,self service,51.0,False,False,False,False,False,False,False,False,False,True,False,False,False,False,True,False,True,False,True,False,other,False
mensa int.neurolog.besta,VIA,CELORIA GIOVANNI,11,2209,3,accesso interno,101,ist.naz.neur.'carlo besta',somministrazione,Assente,self service,165.0,False,False,False,False,False,False,False,False,False,True,False,False,False,False,True,False,True,False,True,False,other,False
ospedale,PIAZZA,FERRARI ANDREA CARDINALE,1,4012,1,accesso interno,205,ospedale ortopedico gaetan,somministrazione,Assente,al banco,309.0,False,False,False,False,False,False,False,False,False,True,False,False,False,False,True,False,True,False,True,False,hospital,True
Non specificata,VIA,LEONCAVALLO RUGGERO,39,2389,2,accesso interno,338,nuovo circolo fam. rottole,somministrazione,Assente,misto,110.0,False,False,False,False,False,False,False,False,False,False,True,False,False,False,True,False,False,False,False,False,other,False
int.mangiagalli,VIA,DELLA COMMENDA,12,3146,1,accesso interno,0,istituti clinici di perfez,somministrazione,Assente,al banco,223.0,True,False,False,False,False,False,False,False,False,False,True,False,False,False,False,True,False,False,False,False,other,False
bricco cafe,PIAZZA,BOTTINI ENRICO,10,2572,3,accesso interno,106,staz. ferroviaria lambrate,somministrazione,Assente,al banco,84.0,True,False,False,False,False,False,False,True,False,False,True,False,False,False,True,True,True,False,True,False,other,False
bricco cafe,VIA,CASSINIS GIOVANNI BATTISTA,83,4309,4,accesso esterno,34,Non specificato,somministrazione,Assente,al banco,110.0,True,False,False,False,False,False,False,True,False,False,True,False,False,False,True,True,True,False,True,False,other,False
castel dell ovo,VIA,QUARENGHI GIACOMO,23,7478,8,accesso interno,300,Non specificato,somministrazione,Assente,al tavolo,35.0,False,False,False,False,False,False,False,False,False,False,True,False,False,False,False,False,False,False,False,False,other,False
Non specificata,VIA,CALABRIA,5,1233,9,accesso interno,96,Non specificato,somministrazione,Assente,al banco,175.0,False,False,False,False,False,False,False,False,False,False,False,True,False,False,False,False,False,False,False,False,other,False
Non specificata,VIA,SPAVENTA SILVIO,1,5255,5,accesso interno,0,Non specificato,somministrazione,Assente,al banco,84.0,False,False,False,False,False,False,False,False,False,False,False,True,False,False,False,False,False,False,False,False,other,False
Non specificata,VIA,SANT' ANTONIO,002,332,1,accesso interno,357,circolo endas levi,somministrazione,Assente,al banco,210.0,True,False,False,False,False,False,False,False,False,False,False,True,False,False,False,False,False,False,False,False,other,False
Non specificata,VIALE,CORSICA,68,3262,4,accesso interno,270,Non specificato,somministrazione,Assente,al banco,217.0,True,False,False,False,False,False,False,False,False,False,False,True,False,False,False,False,False,False,False,False,other,False
venus club,VIA,GIARDINO GAETANO,1,343,1,accesso esterno,448,Non specificato,somministrazione,Assente,misto,265.0,True,False,False,False,False,False,True,True,False,False,False,True,False,False,False,False,False,False,False,False,other,False
bar c/0 cinema arcobaleno,VIA,TADINO ALESSANDRO,11,2109,3,accesso interno,123,cinema arcobaleno,somministrazione,Assente,al banco,19.0,True,True,False,False,False,False,False,True,False,False,False,True,False,False,False,True,False,False,False,False,horeca,False
Non specificata,VIA,TORRICELLI EVANGELISTA,2,5240,5,accesso interno,126,Non specificato,somministrazione,Assente,misto,235.0,True,True,False,False,False,False,False,True,False,False,False,True,False,False,False,True,False,False,False,False,other,False
Non specificata,VIALE,STURZO DON LUIGI,35,1704,9,accesso interno,316,alleanza assicurazioni,somministrazione,Assente,al banco,135.0,True,True,False,False,False,False,False,True,False,False,False,True,False,False,False,True,False,False,False,False,other,False
Non specificata,VIA,F.LLI ZANZOTTERA,31,6733,7,accesso esterno,24,circolo acli a. grandi,somministrazione,Assente,al banco,43.0,True,False,True,False,True,False,False,False,False,False,False,True,False,False,False,False,False,False,False,False,other,False
Non specificata,VIA,DELL' ALLODOLA,5,6660,6,accesso interno,49,Non specificato,somministrazione,Assente,al banco,40.0,True,False,False,False,False,False,False,True,False,False,False,True,False,False,False,False,False,False,False,False,other,False
night club gatto verde,VIA,SCARLATTI DOMENICO,32,2136,2,accesso esterno,30,Non specificato,somministrazione,Assente,al tavolo,180.0,True,False,False,False,False,False,True,True,False,False,False,True,False,False,False,False,False,False,False,False,other,False
Non specificata,PIAZZALE,LUGANO,21,1238,9,accesso interno,92,bar pp tt,somministrazione,Assente,al banco,123.0,True,False,False,False,False,False,False,True,False,False,False,True,False,False,False,True,False,False,False,False,horeca,False
Non specificata,PIAZZA,SANT' EUFEMIA,1,406,1,accesso interno,271,circolo ras,somministrazione,Assente,al banco,45.0,True,False,False,False,False,False,False,True,False,False,False,True,False,False,False,True,False,False,False,False,other,False
Non specificata,VIA,GULLI TOMMASO,9,6634,7,accesso interno,198,Non specificato,somministrazione,Assente,al banco,220.0,True,False,False,False,False,False,False,True,False,False,False,True,False,False,False,True,False,False,False,False,other,False
Non specificata,VIA,BELLEZZA GIOVANNI,16,4067,5,accesso interno,120,circolo arci bellezza,somministrazione,Assente,al banco,80.0,False,False,False,False,False,False,False,True,True,False,False,True,False,False,False,False,False,False,False,False,other,False
a.c.m. crescenzago,VIA,TRASIMENO,25,2411,2,area aperta recintata,84,Non specificato,somministrazione,Assente,al banco,56.0,True,False,False,False,False,False,False,False,False,False,False,True,False,False,False,True,False,False,False,False,other,False
Non specificata,VIA,CASTALDI PANFILO,19,2119,3,accesso interno,0,Non specificato,somministrazione,Assente,al banco,130.0,False,False,False,False,False,False,False,False,False,False,False,False,True,False,False,False,False,False,False,False,other,False
Non specificata,VIA,DEGLI OMENONI,3,233,1,accesso interno,382,circolo clubino dadi,somministrazione,Assente,al banco,116.0,False,False,False,False,False,False,False,False,False,False,False,False,True,False,False,False,False,False,False,False,other,False
Non specificata,VIA,LECCO,6,2110,3,accesso interno,130,Non specificato,somministrazione,Assente,al banco,98.0,False,False,False,False,False,False,False,False,False,False,False,False,True,False,False,False,False,False,False,False,other,False
Non specificata,VIA,PANIZZA BARTOLOMEO,10,6208,7,accesso esterno,242,Non specificato,somministrazione,Assente,misto,108.0,False,False,False,False,False,False,False,False,False,False,False,False,True,False,False,False,False,False,False,False,other,False
Non specificata,VIA,SCHIAPARELLI GIOVANNI,1,1211,2,accesso interno,202,circolo calabrese di milan,minuto,somministrazione,al banco,59.0,False,False,False,False,False,False,False,False,False,False,False,False,True,False,False,False,False,False,False,False,other,False
Non specificata,VIA,VALPETROSA,5,650,1,accesso interno,441,ass. krishna,somministrazione,Assente,al tavolo,64.0,False,False,False,False,False,False,False,False,False,False,False,False,True,False,False,False,False,False,False,False,other,False
Non specificata,VIA,VALVASSORI PERONI CARLO,85,2580,3,accesso interno,84,Non specificato,somministrazione,Assente,misto,98.0,False,False,False,False,False,False,False,False,False,False,False,False,True,False,False,False,False,False,False,False,other,False
Non specificata,VIALE,FAMAGOSTA,48,5353,6,accesso interno,78,Non specificato,somministrazione,Assente,misto,110.0,False,False,False,False,False,False,False,False,False,False,False,False,True,False,False,False,False,False,False,False,other,False
pensionato,VIA,TERRAGNI GIUSEPPE,36,6445,8,accesso interno,94,Non specificato,somministrazione,Assente,al tavolo,176.0,False,False,False,False,False,False,False,False,False,False,False,False,True,False,False,False,False,False,False,False,other,False
Non specificata,VIA,RIPAMONTI GIUSEPPE,286,4066,5,accesso interno,179,Non specificato,somministrazione,Assente,al banco,99.0,True,False,False,False,False,False,False,False,False,False,False,False,True,False,False,False,False,False,False,False,other,False
Non specificata,VIALE,TUNISIA,9,2121,3,accesso interno,123,Non specificato,somministrazione,Assente,al tavolo,35.0,True,False,False,False,False,False,False,False,False,False,False,False,True,False,False,False,False,False,False,False,other,False
Non specificata,VIA,MONTECUCCOLI RAIMONDO,27,6650,6,accesso interno,26,circolo religioso noam,somministrazione,Assente,al banco,203.0,True,False,True,False,True,False,False,False,False,False,False,False,True,False,False,True,False,False,False,False,other,False
Non specificata,VIA,ARIMONDI GIUSEPPE,15,7179,8,accesso interno,326,tennis club bonacossa,somministrazione,Assente,misto,197.0,True,False,False,False,False,False,False,True,False,False,False,False,True,False,False,False,False,False,False,False,other,False
Non specificata,VIA,DEL FUSARO,10,6258,7,accesso esterno,262,Non specificato,somministrazione,Assente,misto,120.0,True,False,False,False,False,False,False,True,False,False,False,False,True,False,False,False,False,False,False,False,other,False
ris.int.circolo de amicis,VIA,DE AMICIS EDMONDO,17,574,1,accesso interno,128,Non specificato,somministrazione,Assente,self service,177.0,True,False,False,False,False,False,False,True,False,False,False,False,True,False,False,False,False,True,False,True,other,False
Non specificata,VIA,CASSINIS GIOVANNI BATTISTA,23,4309,4,accesso interno,71,Non specificato,somministrazione,Assente,misto,148.0,True,False,False,False,False,False,False,True,False,False,True,False,True,False,False,False,False,True,False,True,other,False
Non specificata,PIAZZALE,CIMITERO MAGGIORE,18,7442,8,accesso esterno,139,Non specificato,somministrazione,Assente,self service,34.0,True,False,False,False,False,False,False,False,False,False,False,False,True,False,False,True,False,False,False,False,other,False
Non specificata,VIA,LODOVICO IL MORO,117,5290,6,accesso esterno,24,Non specificato,somministrazione,Assente,al tavolo,280.0,False,False,False,False,False,False,False,True,False,False,False,False,True,False,False,False,False,False,False,False,other,False
Non specificata,VIA,LIVIGNO,6,1296,9,accesso interno,87,Non specificato,somministrazione,Assente,misto,239.0,True,False,False,False,False,False,False,True,False,False,False,False,True,False,False,False,False,False,False,False,other,False
wall street,CORSO,BUENOS AIRES,33,2129,3,accesso interno,59,Non specificato,somministrazione,Assente,misto,139.0,True,False,False,False,False,False,True,True,False,False,False,False,True,False,False,False,False,False,False,False,other,False
Non specificata,VIA,MILAZZO,9,1034,1,accesso interno,5,Non specificato,somministrazione,Assente,al banco,114.0,True,False,False,False,False,False,False,True,False,False,False,False,True,False,False,True,False,True,False,True,other,False
ristorante bonola,VIA,QUARENGHI GIACOMO,23,7478,8,accesso esterno,300,Non specificato,somministrazione,Assente,self service,108.0,False,False,False,False,False,False,False,True,False,False,False,False,True,False,False,False,False,True,False,True,horeca,False
discoteca rendez vous,VIA,MARCO D'AGRATE,14,4276,5,accesso esterno,115,Non specificato,somministrazione,Assente,misto,52.0,True,False,False,False,False,False,True,False,False,False,False,False,True,False,False,False,False,True,False,True,other,False
cafe l atlantique,VIALE,UMBRIA,42,3145,4,accesso esterno,144,Non specificato,somministrazione,Assente,misto,134.0,True,False,False,False,False,False,True,True,False,False,False,False,True,False,False,False,False,False,False,False,other,False
mcdonald s,VIA,QUARENGHI GIACOMO,23,7478,8,accesso interno,300,Non specificato,somministrazione,Assente,self service,252.0,False,False,False,False,False,False,False,True,False,False,False,False,True,False,True,False,True,False,True,False,other,False
skorpion center,CORSO,VITTORIO EMANUELE II,24,214,1,accesso esterno,360,Non specificato,somministrazione,Assente,al banco,87.0,True,False,False,False,False,False,False,True,False,False,False,False,True,False,False,False,False,True,False,True,other,False
Non specificata,VIA,FELTRE,30,2652,3,accesso interno,0,Non specificato,somministrazione,Assente,misto,139.0,True,False,False,False,False,False,False,True,False,False,False,False,True,False,False,False,False,True,False,True,other,False
Non specificata,VIA,FORCELLA VINCENZO,13,5127,6,accesso interno,0,superstudio group,somministrazione,Assente,self service,145.0,False,False,False,False,False,False,False,False,False,True,False,False,True,False,False,False,False,True,False,True,other,False
Non specificata,VIA,PAOLO DA CANNOBIO,11,338,1,accesso interno,393,Non specificato,somministrazione,Assente,self service,50.0,False,False,False,False,False,False,False,False,False,True,False,False,True,False,False,False,False,True,False,True,other,False
int.ist.cultura marcellin,VIA,QUADRONNO,15,4021,1,accesso interno,206,ist. di cultura e lingue m,somministrazione,Assente,self service,44.0,False,False,False,False,False,False,False,False,False,True,False,False,True,False,False,False,False,True,False,True,other,False
svizzera di milano,VIA,APPIANI ANDREA,21,1050,1,accesso interno,10,scuola svizzera di milano,somministrazione,Assente,self service,171.0,False,False,False,False,False,False,False,False,False,True,False,False,True,False,False,False,False,True,False,True,school,True
ragno d oro,PIAZZALE,MEDAGLIE D'ORO,2,4104,5,accesso esterno,0,Non specificato,somministrazione,Assente,al banco,91.0,True,False,False,False,False,False,True,False,False,False,False,False,False,False,False,True,False,False,False,False,other,False
Non specificata,VIA,TAJANI FILIPPO,11,3235,3,accesso esterno,165,Non specificato,somministrazione,Assente,al banco,140.0,True,False,False,False,False,True,True,False,False,False,False,False,False,False,False,False,False,False,False,False,other,False
Non specificata,VIA,BESENZANICA ERNESTO,3,6608,7,accesso esterno,196,Non specificato,somministrazione,Assente,al banco,150.0,True,False,False,False,False,False,True,True,False,False,False,False,False,False,False,False,False,False,False,False,other,False
Non specificata,VIA,SFORZA ASCANIO,81,5201,5,accesso interno,1,Non specificato,somministrazione,Assente,misto,313.0,True,False,False,False,False,False,True,False,False,False,False,False,False,False,True,True,False,False,False,False,other,False
Non specificata,VIA,ANDO' FLAVIO,2,7283,8,accesso interno,0,Non specificato,somministrazione,Assente,al banco,83.0,False,False,False,False,False,False,False,False,False,False,False,False,False,False,False,False,False,False,False,False,other,False
bowling da willy,VIA,RENZO E LUCIA,004,5412,5,accesso esterno,80,Non specificato,somministrazione,Assente,misto,280.0,True,False,False,False,False,False,False,True,False,False,True,False,True,False,False,False,False,False,False,False,other,False
Non specificata,CORSO,VITTORIO EMANUELE II,28,214,1,accesso interno,360,Non specificato,somministrazione,Assente,al banco,5.0,False,False,False,False,False,False,False,False,False,False,False,False,False,True,False,False,False,False,False,False,other,False
Non specificata,LARGO,CORSIA DEI SERVI,3,234,1,accesso interno,360,Non specificato,somministrazione,Assente,al banco,5.0,False,False,False,False,False,False,False,False,False,False,False,False,False,True,False,False,False,False,False,False,other,False
Non specificata,PIAZZA,CAVOUR,1,237,1,accesso interno,93,Non specificato,somministrazione,Assente,al banco,4.0,False,False,False,False,False,False,False,False,False,False,False,False,False,True,False,False,False,False,False,False,other,False
Non specificata,VIA,CAMINADELLA,15,551,1,accesso interno,278,Non specificato,somministrazione,Assente,al banco,5.0,False,False,False,False,False,False,False,False,False,False,False,False,False,True,False,False,False,False,False,False,other,False
Non specificata,VIA,CESANA BRUNO,3,2374,2,accesso interno,179,Non specificato,somministrazione,Assente,al banco,20.0,False,False,False,False,False,False,False,False,False,False,False,False,False,True,False,False,False,False,False,False,other,False
Non specificata,VIA,FARINI CARLO,17,1114,8,accesso interno,69,parrocchia s. antonio da p,somministrazione,Assente,al banco,50.0,False,False,False,False,False,False,False,False,False,False,False,False,False,True,False,False,False,False,False,False,other,False
Non specificata,VIA,VITRUVIO,10,2134,3,accesso interno,43,Non specificato,somministrazione,Assente,al banco,7.0,False,False,False,False,False,False,False,False,False,False,False,False,False,True,False,False,False,False,False,False,other,False
Non specificata,VIALE,VITTORIO VENETO,2,2107,3,accesso esterno,137,Non specificato,somministrazione,Assente,al banco,8.0,False,False,False,False,False,False,False,False,False,False,False,False,False,True,False,False,False,False,False,False,other,False
Non specificata,VIA,CRESCENZAGO,110,2396,3,accesso interno,37,i.t.i.s. ettore molinari,somministrazione,Assente,al banco,54.0,False,False,False,False,False,False,False,False,False,False,False,False,False,True,True,False,False,False,False,False,other,False
Non specificata,VIA,ASSIETTA,48,1540,9,accesso interno,139,bar gruppo sport. afforese,somministrazione,Assente,misto,49.0,False,False,False,False,False,False,False,False,False,False,False,False,False,True,False,True,False,False,False,False,horeca,False
Non specificata,VIA,DE VINCENTI ANGELO,7,6134,7,accesso interno,204,l.s. vittorio veneto,somministrazione,Assente,self service,40.0,False,False,False,False,False,False,False,False,False,False,False,False,False,True,False,True,False,False,False,False,other,False
Non specificata,VIA,DEI CICLAMINI,23,6693,6,accesso interno,0,Non specificato,somministrazione,Assente,al banco,83.0,False,False,False,False,False,False,False,False,False,False,False,False,False,False,False,False,False,False,False,False,other,False
Non specificata,VIA,SANZIO RAFFAELLO,39,6283,7,accesso interno,0,Non specificato,somministrazione,Assente,al banco,86.0,False,False,False,False,False,False,False,False,False,False,False,False,False,False,False,False,False,False,False,False,other,False
Non specificata,PIAZZA,CAVOUR,2,237,1,accesso interno,468,centro sportivo down town,somministrazione,Assente,misto,150.0,True,False,False,False,False,False,False,True,False,False,False,False,True,False,False,True,False,True,False,True,other,False
pomellato spa,VIA,NEERA ANNA,37,5326,5,accesso interno,0,pomellato,somministrazione,Assente,al banco,87.0,False,False,False,False,False,False,False,False,False,False,False,False,False,False,True,False,True,False,True,False,other,False
Non specificata,CORSO,BUENOS AIRES,21,2129,3,accesso interno,0,Non specificato,somministrazione,Assente,al banco,64.0,True,False,False,False,False,False,False,False,False,False,False,False,False,False,True,False,True,False,True,False,other,False
campus politecnico bovisa,VIA,LA MASA GIUSEPPE,34,7286,9,accesso interno,21,campus bovisa politecnico,somministrazione,Assente,self service,166.0,True,False,False,False,False,False,False,True,False,True,True,False,False,False,True,True,True,False,True,False,school,True
mensa eds electronic data,VIA,MEDICI DEL VASCELLO GIACOMO,26,3377,4,accesso interno,36,eds italia s.p.a.,somministrazione,Assente,self service,158.0,True,False,False,False,False,False,False,False,False,True,False,False,False,False,True,False,True,False,True,False,company,False
Non specificata,VIA,CARNIA,14,2395,3,accesso interno,58,fondazione la vincenziana,somministrazione,Assente,self service,159.0,False,False,False,False,False,False,False,False,False,True,False,False,False,False,True,False,True,False,True,False,other,False
Non specificata,VIA,COLICO,21,1240,9,accesso interno,0,mediapason s.p.a.,somministrazione,Assente,self service,164.0,False,False,False,False,False,False,False,False,False,True,False,False,False,False,True,False,True,False,True,False,company,False
Non specificata,VIA,STATUTO,4,1029,1,accesso interno,174,Non specificato,somministrazione,Assente,self service,179.0,False,False,False,False,False,False,False,False,False,True,False,False,False,False,True,False,True,False,True,False,other,False
amsa spa,VIA,SILLA LUCIO CORNELIO,253,6732,7,accesso interno,23,a.m.s.a.,somministrazione,Assente,self service,170.0,False,False,False,False,False,False,False,False,False,True,False,False,False,False,True,False,True,False,True,False,other,False
c/o citroen italia spa.,VIA,GATTAMELATA,41,7156,8,accesso interno,328,citroen italia s.p.a.,somministrazione,Assente,al banco,231.0,False,False,False,False,False,False,False,False,False,True,False,False,False,False,True,False,True,False,True,False,company,False
c/o presidio villa marell,VIALE,ZARA,81,1170,9,accesso interno,83,presidio villa marelli,somministrazione,Assente,self service,83.0,False,False,False,False,False,False,False,False,False,True,False,False,False,False,True,False,True,False,True,False,other,False
c/o rcs quotidiani spa.,VIA,SOLFERINO,28,1028,1,accesso interno,176,rcs quotidiani s.p.a.,somministrazione,Assente,self service,236.0,False,False,False,False,False,False,False,False,False,True,False,False,False,False,True,False,True,False,True,False,company,False
c/o recordati spa,VIA,CIVITALI MATTEO,1,6569,7,accesso interno,282,recordati spa,somministrazione,Assente,self service,230.0,False,False,False,False,False,False,False,False,False,True,False,False,False,False,True,False,True,False,True,False,other,False
c/o tecnimont spa.,VIALE,MONTE GRAPPA,3,1101,1,accesso interno,325,tecnimont s.p.a.,somministrazione,Assente,self service,270.0,False,False,False,False,False,False,False,False,False,True,False,False,False,False,True,False,True,False,True,False,company,False
c/o wind telecomunicazion,VIA,LORENTEGGIO,257,5132,6,accesso interno,127,wind telecomunicazioni spa,somministrazione,Assente,self service,168.0,False,False,False,False,False,False,False,False,False,True,False,False,False,False,True,False,True,False,True,False,other,False
fondazione don c.gnocchi,VIA,PARAVIA PIER ALESSANDRO,71,6571,7,accesso interno,241,fondaz. don carlo gnocchi,somministrazione,Assente,self service,51.0,False,False,False,False,False,False,False,False,False,True,False,False,False,False,True,False,True,False,True,False,other,False
il sole 24 ore spa,VIA,PATECCHIO GIRARDO,2,4243,5,accesso interno,191,il sole 24 ore,somministrazione,Assente,self service,192.0,False,False,False,False,False,False,False,False,False,True,False,False,False,False,True,False,True,False,True,False,other,False
int.amplifon spa.,VIA,RIPAMONTI GIUSEPPE,131,4066,5,accesso interno,104,amplifon s.p.a.,somministrazione,Assente,self service,407.0,False,False,False,False,False,False,False,False,False,True,False,False,False,False,True,False,True,False,True,False,company,False
int.istituto naz.tumori,VIA,VENEZIAN GIACOMO,1,2227,3,accesso interno,122,istituto nazionale dei tum,somministrazione,Assente,self service,390.0,False,False,False,False,False,False,False,False,False,True,False,False,False,False,True,False,True,False,True,False,hospital,True
int. passoni  E  villa,VIALE,SUZZANI GIOVANNI,229,1446,9,accesso interno,21,areva t&d italy spa,somministrazione,Assente,self service,125.0,False,False,False,False,False,False,False,False,False,True,False,False,False,False,True,False,True,False,True,False,other,False
ist. ortop. gaetano pini,VIALE,MONZA,223,2274,2,accesso interno,100,istit. ortop. gaetano pini,somministrazione,Assente,self service,80.0,False,False,False,False,False,False,False,False,False,True,False,False,False,False,True,False,True,False,True,False,other,False
mensa c/o banca popolare,VIA,MASSAUA,2,6274,7,accesso esterno,21,Non specificato,somministrazione,Assente,al banco,168.0,False,False,False,False,False,False,False,False,False,True,False,False,False,False,True,False,True,False,True,False,other,False
mensa c/o regione lombard,VIA,FILZI FABIO,29,1190,2,accesso interno,246,consiglio della regione lo,somministrazione,Assente,self service,250.0,False,False,False,False,False,False,False,False,False,True,False,False,False,False,True,False,True,False,True,False,public_office,False
mensa int.edison spa.,FORO,BUONAPARTE,31,711,1,accesso interno,291,edison s.p.a.,somministrazione,Assente,self service,191.0,False,False,False,False,False,False,False,False,False,True,False,False,False,False,True,False,True,False,True,False,company,False
suore angeliche s. paolo,VIA,BUONARROTI MICHELANGELO,49,6253,8,accesso interno,163,istituto suore angeliche,somministrazione,Assente,self service,199.0,False,False,False,False,False,False,False,False,False,True,False,False,False,False,True,False,True,False,True,False,other,False
mensa,VIA,MECENATE,91,3323,4,accesso interno,83,rcs editori s.p.a.,somministrazione,Assente,self service,179.0,True,False,False,False,False,False,False,False,False,True,False,False,False,False,True,False,True,False,True,False,company,False
c/o siemens servizi azien,VIALE,PIRELLI PIERO E ALBERTO,10,1727,9,accesso interno,162,siemens s.p.a.,somministrazione,Assente,self service,262.0,False,False,False,False,False,False,False,False,False,True,False,False,False,False,True,False,True,False,True,False,company,False
Non specificata,VIA,CARDUCCI GIOSUE',40,602,1,accesso interno,225,Non specificato,somministrazione,Assente,self service,88.0,False,False,False,False,False,False,False,False,False,False,False,False,False,False,True,False,False,False,False,False,other,False
Non specificata,VIA,PARENZO,7,5367,6,accesso interno,0,Non specificato,somministrazione,Assente,self service,44.0,False,False,False,False,False,False,False,False,False,False,False,False,False,False,True,False,False,False,False,False,other,False
Non specificata,VIA,ALDINI ANTONIO,77,7461,8,accesso esterno,113,campo calcio sempione nord,somministrazione,Assente,al banco,60.0,True,False,False,False,False,False,False,False,False,False,False,False,False,False,True,False,False,False,False,False,other,False
Non specificata,VIA,MANZONI ALESSANDRO,45,230,1,accesso esterno,304,circolo dell'unione,somministrazione,Assente,al tavolo,220.0,True,False,False,False,False,False,False,False,False,False,False,False,False,False,True,False,False,False,False,False,other,False
bar davis,VIA,PONTI GIO',3,6904,6,accesso interno,27,Non specificato,somministrazione,Assente,al tavolo,57.0,True,False,False,False,False,False,False,False,False,False,False,False,False,False,True,False,False,False,False,False,horeca,False
mc donald s,STRADA,PAULLESE,9,3373,4,accesso esterno,151,distributore carburanti,somministrazione,Assente,self service,160.0,True,False,False,False,False,False,False,True,False,False,False,False,False,False,True,False,False,False,False,False,other,False
Non specificata,VIA,TADINO ALESSANDRO,23,2109,3,accesso interno,77,c.i.s.l.,somministrazione,Assente,self service,80.0,True,False,False,False,False,False,False,False,False,True,False,False,False,False,True,True,False,False,False,False,other,False
Non specificata,VIA,SILE,14,4106,4,accesso esterno,51,circolo arci corvetto,somministrazione,Assente,al banco,107.0,True,False,False,False,False,False,False,False,False,False,False,False,False,False,True,False,False,False,False,False,other,False
Non specificata,VIA,FALCK ENRICO,51,7438,8,accesso esterno,0,Non specificato,somministrazione,Assente,al banco,112.0,True,False,False,False,False,False,False,True,False,False,False,False,True,False,True,True,False,True,False,True,other,False
bar venere,VIA,MARIANI POMPEO,2,2490,2,accesso interno,120,Non specificato,somministrazione,Assente,al banco,67.0,True,False,False,False,False,False,False,True,False,False,False,False,False,False,True,False,True,False,True,False,horeca,False
Non specificata,PIAZZA,VENTICINQUE APRILE,2,1064,1,accesso interno,5,Non specificato,somministrazione,Assente,self service,146.0,False,False,False,False,False,False,False,False,False,False,False,False,False,False,False,True,False,False,False,False,other,False
Non specificata,VIA,ANTONELLI ALESSANDRO,3,4178,4,accesso interno,53,Non specificato,somministrazione,Assente,self service,40.0,False,False,False,False,False,False,False,False,False,False,False,False,False,False,False,True,False,False,False,False,other,False
Non specificata,VIA,BELLOTTI FELICE,10,3070,3,accesso interno,166,Non specificato,somministrazione,Assente,self service,85.0,False,False,False,False,False,False,False,False,False,False,False,False,False,False,False,True,False,False,False,False,other,False
Non specificata,VIA,BISSOLATI LEONIDA,31,1385,2,accesso esterno,144,Non specificato,somministrazione,Assente,self service,200.0,False,False,False,False,False,False,False,False,False,False,False,False,False,False,False,True,False,False,False,False,other,False
Non specificata,VIA,BORGOGNA,4,301,1,accesso interno,40,Non specificato,somministrazione,Assente,self service,40.0,False,False,False,False,False,False,False,False,False,False,False,False,False,False,False,True,False,False,False,False,other,False
Non specificata,VIA,BRUSUGLIO,002,1550,9,accesso interno,56,Non specificato,somministrazione,Assente,self service,150.0,False,False,False,False,False,False,False,False,False,False,False,False,False,False,False,True,False,False,False,False,other,False
Non specificata,VIA,CADOLINI GIOVANNI,26,4098,4,accesso interno,186,Non specificato,somministrazione,Assente,self service,84.0,False,False,False,False,False,False,False,False,False,False,False,False,False,False,False,True,False,False,False,False,other,False
Non specificata,VIA,CALVI PIETRO,22,3083,4,accesso esterno,35,Non specificato,somministrazione,Assente,self service,30.0,False,False,False,False,False,False,False,False,False,False,False,False,False,False,False,True,False,False,False,False,other,False
Non specificata,VIA,CITTADINI PIER FRANCESCO,5,7475,8,accesso interno,89,Non specificato,somministrazione,Assente,self service,250.0,False,False,False,False,False,False,False,False,False,False,False,False,False,False,False,True,False,False,False,False,other,False
Non specificata,VIA,COLLETTA PIETRO,37,4078,4,accesso interno,177,Non specificato,somministrazione,Assente,self service,30.0,False,False,False,False,False,False,False,False,False,False,False,False,False,False,False,True,False,False,False,False,other,False
Non specificata,VIA,CUORE IMMACOLATO DI MARIA,7,4248,5,accesso interno,103,Non specificato,somministrazione,Assente,self service,80.0,False,False,False,False,False,False,False,False,False,False,False,False,False,False,False,True,False,False,False,False,other,False
Non specificata,VIA,DEL VECCHIO POLITECNICO,2,2101,1,accesso interno,468,Non specificato,somministrazione,Assente,self service,130.0,False,False,False,False,False,False,False,False,False,False,False,False,False,False,False,True,False,False,False,False,other,False
Non specificata,VIA,DEL VECCHIO POLITECNICO,3,2101,1,accesso interno,94,Non specificato,somministrazione,Assente,self service,120.0,False,False,False,False,False,False,False,False,False,False,False,False,False,False,False,True,False,False,False,False,other,False
Non specificata,VIA,F.LLI BRESSAN,9,2349,2,accesso interno,99,Non specificato,somministrazione,Assente,self service,86.0,False,False,False,False,False,False,False,False,False,False,False,False,False,False,False,True,False,False,False,False,other,False
Non specificata,VIA,JOMMELLI NICCOLO',15,2426,3,accesso interno,31,Non specificato,somministrazione,Assente,self service,15.0,False,False,False,False,False,False,False,False,False,False,False,False,False,False,False,True,False,False,False,False,other,False
Non specificata,VIA,MARCO D'AGRATE,035,4276,5,accesso interno,114,Non specificato,somministrazione,Assente,al banco,300.0,False,False,False,False,False,False,False,False,False,False,False,False,False,False,False,True,False,False,False,False,other,False
Non specificata,VIA,MONFALCONE,7,2538,3,accesso interno,58,Non specificato,somministrazione,Assente,misto,50.0,False,False,False,False,False,False,False,False,False,False,False,False,False,False,False,True,False,False,False,False,other,False
Non specificata,VIA,PARETO VILFREDO,2,7440,8,accesso interno,146,Non specificato,somministrazione,Assente,self service,70.0,False,False,False,False,False,False,False,False,False,False,False,False,False,False,False,True,False,False,False,False,other,False
Non specificata,VIA,PIERLUIGI GIOVANNI DA PALESTRINA,11,2235,3,accesso interno,16,Non specificato,somministrazione,Assente,self service,120.0,False,False,False,False,False,False,False,False,False,False,False,False,False,False,False,True,False,False,False,False,other,False
Non specificata,VIA,PITTERI RICCARDO,10,2674,3,accesso esterno,156,Non specificato,somministrazione,Assente,self service,200.0,False,False,False,False,False,False,False,False,False,False,False,False,False,False,False,True,False,False,False,False,other,False
Non specificata,VIA,POLA,14,1156,2,accesso interno,230,Non specificato,somministrazione,Assente,self service,84.0,False,False,False,False,False,False,False,False,False,False,False,False,False,False,False,True,False,False,False,False,other,False
Non specificata,VIA,QUARANTA BERNARDO,45,4271,5,accesso interno,112,Non specificato,somministrazione,Assente,self service,350.0,False,False,False,False,False,False,False,False,False,False,False,False,False,False,False,True,False,False,False,False,other,False
Non specificata,VIA,RICCARDI PADRE PLACIDO,5,2385,2,accesso interno,210,Non specificato,somministrazione,Assente,self service,80.0,False,False,False,False,False,False,False,False,False,False,False,False,False,False,False,True,False,False,False,False,other,False
Non specificata,VIA,RIPAMONTI GIUSEPPE,133,4066,5,accesso interno,104,Non specificato,somministrazione,Assente,self service,20.0,False,False,False,False,False,False,False,False,False,False,False,False,False,False,False,True,False,False,False,False,other,False
Non specificata,VIA,SAN MARCO,21,1036,1,accesso interno,176,Non specificato,somministrazione,Assente,self service,104.0,False,False,False,False,False,False,False,False,False,False,False,False,False,False,False,True,False,False,False,False,other,False
Non specificata,VIA,SANT' ANTONIO,5,332,1,accesso interno,325,Non specificato,somministrazione,Assente,al tavolo,300.0,False,False,False,False,False,False,False,False,False,False,False,False,False,False,False,True,False,False,False,False,other,False
Non specificata,VIA,SANT' ARIALDO,102,4375,5,accesso esterno,196,Non specificato,somministrazione,Assente,self service,30.0,False,False,False,False,False,False,False,False,False,False,False,False,False,False,False,True,False,False,False,False,other,False
Non specificata,VIA,SFORZA FRANCESCO,44,330,1,accesso interno,269,Non specificato,somministrazione,Assente,self service,22.0,False,False,False,False,False,False,False,False,False,False,False,False,False,False,False,True,False,False,False,False,other,False
Non specificata,VIA,TAGLIAMENTO,12,4147,4,accesso interno,19,Non specificato,somministrazione,Assente,self service,84.0,False,False,False,False,False,False,False,False,False,False,False,False,False,False,False,True,False,False,False,False,other,False
Non specificata,VIA,TARAMELLI TORQUATO,26,1164,2,accesso interno,230,Non specificato,somministrazione,Assente,self service,84.0,False,False,False,False,False,False,False,False,False,False,False,False,False,False,False,True,False,False,False,False,other,False
Non specificata,VIA,TARRA GIULIO,2,1198,2,accesso interno,243,Non specificato,somministrazione,Assente,self service,84.0,False,False,False,False,False,False,False,False,False,False,False,False,False,False,False,True,False,False,False,False,other,False
Non specificata,VIA,TARVISIO,32,1399,2,accesso interno,115,Non specificato,somministrazione,Assente,self service,80.0,False,False,False,False,False,False,False,False,False,False,False,False,False,False,False,True,False,False,False,False,other,False
Non specificata,VIA,VANVITELLI LUIGI,6,3108,3,accesso interno,181,Non specificato,somministrazione,Assente,self service,55.0,False,False,False,False,False,False,False,False,False,False,False,False,False,False,False,True,False,False,False,False,other,False
Non specificata,VIA,VERRO BERNARDINO,2,4223,5,accesso interno,0,Non specificato,somministrazione,Assente,self service,166.0,False,False,False,False,False,False,False,False,False,False,False,False,False,False,False,True,False,False,False,False,other,False
Non specificata,VIALE,LIGURIA,23,5264,6,accesso interno,70,Non specificato,somministrazione,Assente,self service,199.0,False,False,False,False,False,False,False,False,False,False,False,False,False,False,False,True,False,False,False,False,other,False
Non specificata,VIALE,ORTLES,37,4133,5,accesso interno,45,Non specificato,somministrazione,Assente,self service,36.0,False,False,False,False,False,False,False,False,False,False,False,False,False,False,False,True,False,False,False,False,other,False
Non specificata,VIALE,PIAVE,2,2179,3,accesso interno,174,Non specificato,somministrazione,Assente,self service,120.0,False,False,False,False,False,False,False,False,False,False,False,False,False,False,False,True,False,False,False,False,other,False
Non specificata,LARGO,RAPALLO,5,1664,9,accesso interno,122,parrocchia,somministrazione,Assente,al banco,58.0,True,False,False,False,False,False,False,False,False,False,False,False,False,False,False,True,False,False,False,False,other,False
Non specificata,PIAZZA,VENTIQUATTRO MAGGIO,2,5200,5,accesso interno,0,Non specificato,somministrazione,Assente,al banco,130.0,True,False,False,False,False,False,False,False,False,False,False,False,False,False,False,True,False,False,False,False,other,False
Non specificata,VIA,BONFADINI ROMUALDO,214,3341,4,accesso interno,123,bar centro cardiologico,somministrazione,Assente,al banco,45.0,True,False,False,False,False,False,False,False,False,False,False,False,False,False,False,True,False,False,False,False,horeca,False
Non specificata,VIA,CASSINIS GIOVANNI BATTISTA,76,4309,4,accesso interno,0,Non specificato,somministrazione,Assente,al banco,27.0,True,False,False,False,False,False,False,False,False,False,False,False,False,False,False,True,False,False,False,False,other,False
Non specificata,VIA,CIVITALI MATTEO,71,6569,7,accesso interno,236,bar casa di cura s. giovan,somministrazione,Assente,misto,44.0,True,False,False,False,False,False,False,False,False,False,False,False,False,False,False,True,False,False,False,False,hospital,False
Non specificata,VIA,CONSTANT BENJAMIN,22,6083,7,accesso interno,97,Non specificato,somministrazione,Assente,misto,12.0,True,False,False,False,False,False,False,False,False,False,False,False,False,False,False,True,False,False,False,False,other,False
Non specificata,VIA,DEGLI OMENONI,2,233,1,accesso interno,383,raphael snc,somministrazione,Assente,al banco,26.0,True,False,False,False,False,False,False,False,False,False,False,False,False,False,False,True,False,False,False,False,other,False
Non specificata,VIA,DOMENICHINO,41,6383,7,accesso interno,171,Non specificato,somministrazione,Assente,al banco,110.0,True,False,False,False,False,False,False,False,False,False,False,False,False,False,False,True,False,False,False,False,other,False
Non specificata,VIA,DON MINZONI GIOVANNI,9,1141,9,accesso interno,15,ass. sport. garibaldina,somministrazione,Assente,al banco,48.0,True,False,False,False,False,False,False,False,False,False,False,False,False,False,False,True,False,False,False,False,other,False
Non specificata,VIA,FARADAY MICHELE,15,5373,6,accesso interno,16,soc. sportiva iris 1914,somministrazione,Assente,al banco,35.0,True,False,False,False,False,False,False,False,False,False,False,False,False,False,False,True,False,False,False,False,other,False
Non specificata,VIA,FRIULI,26,3199,4,accesso interno,167,comunita' eritrea,somministrazione,Assente,al banco,100.0,True,False,False,False,False,False,False,False,False,False,False,False,False,False,False,True,False,False,False,False,other,False
Non specificata,VIA,GOITO,4,1039,1,accesso interno,248,l.c.s. g. parini,somministrazione,Assente,al banco,20.0,True,False,False,False,False,False,False,False,False,False,False,False,False,False,False,True,False,False,False,False,other,False
Non specificata,VIA,LAMENNAIS F.R.,7,6084,7,accesso interno,36,Non specificato,somministrazione,Assente,al banco,110.0,True,False,False,False,False,False,False,False,False,False,False,False,False,False,False,True,False,False,False,False,other,False
Non specificata,VIA,LIPPI FILIPPINO,19,2196,3,accesso interno,0,Non specificato,somministrazione,Assente,al banco,8.0,True,False,False,False,False,False,False,False,False,False,False,False,False,False,False,True,False,False,False,False,other,False
Non specificata,VIA,MAC MAHON,113,7221,8,accesso interno,268,Non specificato,minuto,somministrazione,al banco,160.0,True,False,False,False,False,False,False,False,False,False,False,False,False,False,False,True,False,False,False,False,other,False
Non specificata,VIA,OLMETTO,008,553,1,accesso interno,397,parrocchia s. alessandro,somministrazione,Assente,al banco,20.0,True,False,False,False,False,False,False,False,False,False,False,False,False,False,False,True,False,False,False,False,other,False
Non specificata,VIA,PAVONI LODOVICO,10,1401,9,accesso interno,54,Non specificato,somministrazione,Assente,al banco,110.0,True,False,False,False,False,False,False,False,False,False,False,False,False,False,False,True,False,False,False,False,other,False
Non specificata,VIA,PROCACCINI GIULIO CESARE,1,7204,8,accesso interno,66,bar circolo enel,somministrazione,minuto,misto,100.0,True,False,False,False,False,False,False,False,False,False,False,False,False,False,False,True,False,False,False,False,horeca,False
Non specificata,VIA,ROVIGNO,011,2319,2,accesso interno,176,Non specificato,somministrazione,Assente,al banco,91.0,True,False,False,False,False,False,False,False,False,False,False,False,False,False,False,True,False,False,False,False,other,False
Non specificata,VIA,RUBATTINO RAFFAELE,6,2686,3,accesso interno,140,bar liceo manzoni,somministrazione,Assente,al banco,98.0,True,False,False,False,False,False,False,False,False,False,False,False,False,False,False,True,False,False,False,False,school,False
Non specificata,VIA,SAN GIACOMO,9,5313,5,accesso interno,54,parrocchia,somministrazione,Assente,al banco,45.0,True,False,False,False,False,False,False,False,False,False,False,False,False,False,False,True,False,False,False,False,other,False
Non specificata,VIA,SANT' ABBONDIO,4,5315,5,accesso interno,71,campo sportivo,somministrazione,Assente,al banco,30.0,True,False,False,False,False,False,False,False,False,False,False,False,False,False,False,True,False,False,False,False,other,False
Non specificata,VIA,SAPONARO MICHELE,28,5432,5,accesso interno,0,Non specificato,somministrazione,Assente,al banco,120.0,True,False,False,False,False,False,False,False,False,False,False,False,False,False,False,True,False,False,False,False,other,False
Non specificata,VIA,TORTONA,18,5124,6,accesso interno,34,ass. calcio la tortona,somministrazione,Assente,al banco,139.0,True,False,False,False,False,False,False,False,False,False,False,False,False,False,False,True,False,False,False,False,other,False
Non specificata,VIA,TRENTACOSTE DOMENICO,3,2684,3,accesso interno,144,circolo consorzio esattori,somministrazione,Assente,al banco,35.0,True,False,False,False,False,False,False,False,False,False,False,False,False,False,False,True,False,False,False,False,other,False
Non specificata,VIA,TUCIDIDE,50,3251,3,accesso interno,11,Non specificato,somministrazione,Assente,self service,180.0,True,False,False,False,False,False,False,False,False,False,False,False,False,False,False,True,False,False,False,False,other,False
Non specificata,VIA,VIDA GEROLAMO,19,2330,2,accesso interno,273,Non specificato,somministrazione,Assente,misto,84.0,True,False,False,False,False,False,False,False,False,False,False,False,False,False,False,True,False,False,False,False,other,False
Non specificata,VIALE,LANCETTI VINCENZO,28,1221,9,accesso interno,97,bar basile spa,somministrazione,Assente,al banco,34.0,True,False,False,False,False,False,False,False,False,False,False,False,False,False,False,True,False,False,False,False,horeca,False
Non specificata,VIALE,UNGHERIA,5,3357,4,accesso interno,0,Non specificato,somministrazione,Assente,al banco,83.0,True,False,False,False,False,False,False,False,False,False,False,False,False,False,False,True,False,False,False,False,other,False
c/0 istituto galvani itis,VIA,GATTI FRANCESCO,14,1526,9,accesso interno,121,i.t.i. galvani,somministrazione,Assente,al banco,45.0,True,False,False,False,False,False,False,False,False,False,False,False,False,False,False,True,False,False,False,False,other,False
centro solid.mary d ameli,VIA,LIVIGNO,18,1296,9,accesso interno,67,Non specificato,somministrazione,Assente,al banco,119.0,True,False,False,False,False,False,False,False,False,False,False,False,False,False,False,True,False,False,False,False,other,False
circolo fam.re s.cipriano,VIA,D'ADDA CARLO,31,5272,6,accesso esterno,62,parrocchia san cipriano,somministrazione,Assente,al banco,266.0,True,False,False,False,False,False,False,False,False,False,False,False,False,False,False,True,False,False,False,False,other,False
int.palazzo di giustizia,VIA,FREGUGLIA CARLO,1,3014,1,accesso interno,110,palazzo di giustizia,somministrazione,Assente,al banco,78.0,True,False,False,False,False,False,False,False,False,False,False,False,False,False,False,True,False,False,False,False,other,False
cagliero club,VIA,PELLINI EUGENIO,1,1482,2,accesso interno,0,Non specificato,somministrazione,Assente,al banco,43.0,True,False,False,False,False,False,False,False,False,False,False,False,False,False,False,True,False,False,False,False,other,False
Non specificata,VIA,MARCO D'AGRATE,23,4276,5,accesso esterno,114,Non specificato,somministrazione,Assente,al banco,65.0,True,False,False,False,False,False,False,True,False,False,False,False,False,False,False,True,False,False,False,False,other,False
bar caffe int.sala bingo,VIA,VAL BOGNA,8,4120,4,accesso esterno,126,Non specificato,somministrazione,Assente,al tavolo,91.0,True,False,False,False,False,False,False,True,False,False,False,False,False,False,False,True,False,False,False,False,horeca,False
Non specificata,RIPA,DI PTA TICINESE,129,5150,6,accesso interno,0,Non specificato,somministrazione,Assente,al banco,47.0,True,False,False,False,False,False,False,True,False,False,False,False,False,False,False,True,False,False,False,False,other,False
Non specificata,VIA,TRASIMENO,53,2411,2,accesso interno,52,parrocchia gesù a nazaret,somministrazione,Assente,al banco,148.0,True,False,False,False,False,False,False,True,False,False,False,False,False,False,False,True,False,False,False,False,other,False
bar caffe,CORSO,DI PORTA TICINESE,095,541,1,accesso interno,0,Non specificato,somministrazione,Assente,al banco,41.0,True,False,False,False,False,False,False,True,False,False,False,False,False,False,False,True,False,False,False,False,horeca,False
circolo giovani viaggiato,VIA,SPARTACO,37,3186,4,accesso interno,58,Non specificato,somministrazione,Assente,al banco,89.0,True,False,False,False,False,False,False,True,False,False,False,False,False,False,False,True,False,False,False,False,other,False
pasticceria bindi,PIAZZALE,CADORNA LUIGI,000,601,1,accesso interno,0,Non specificato,somministrazione,Assente,misto,38.0,True,False,False,False,False,False,False,True,False,False,False,False,False,False,False,True,False,False,False,False,other,False
tunnel,VIA,SAMMARTINI GIOVANNI BATTISTA,30,1202,2,accesso esterno,0,Non specificato,somministrazione,Assente,al banco,192.0,True,False,False,False,False,False,False,True,False,False,False,False,False,False,False,True,False,False,False,False,other,False
power flowers,VIA,LOMBROSO CESARE,95,3334,4,accesso interno,67,Non specificato,somministrazione,Assente,al banco,126.0,True,False,False,False,False,False,False,True,False,False,False,True,False,False,False,True,False,False,False,False,other,False
int.palestra,VIA,TAGLIAMENTO,19,4147,4,accesso interno,20,Non specificato,somministrazione,Assente,al banco,71.0,True,False,False,False,False,False,False,True,False,False,False,False,False,False,False,True,False,False,False,False,other,False
Non specificata,VIA,PEZZOTTI GIOVANNI,53,5244,5,accesso interno,16,parrocchia,somministrazione,Assente,al banco,8.0,True,False,False,False,False,False,False,False,True,False,False,False,False,False,False,True,False,False,False,False,other,False
int.pirelli spa.,VIALE,TESTI FULVIO,223,1441,9,accesso esterno,34,istituto pirelli,somministrazione,Assente,al banco,309.0,True,False,False,False,False,False,False,False,False,True,False,False,False,False,False,True,False,False,False,False,other,False
int.cinema apollo,GALLERIA,DE CRISTOFORIS,3,100,1,accesso esterno,361,Non specificato,somministrazione,Assente,misto,45.0,True,True,False,False,False,False,False,True,False,False,False,False,False,False,False,True,False,False,False,False,other,False
mc donald s,VIALE,RUBICONE,30,1568,9,accesso esterno,0,distributore carburanti,somministrazione,Assente,al banco,150.0,True,True,False,False,False,False,False,True,False,False,False,False,False,False,True,True,True,False,True,False,other,False
bar c/o bagno turco,VIA,RUBENS PIETRO,19,6597,7,accesso interno,7,bagno turco,somministrazione,Assente,al banco,38.0,True,False,False,False,False,True,False,True,False,False,False,False,False,False,False,True,False,False,False,False,horeca,False
striptease,VIA,PADOVA,272,2275,2,accesso esterno,241,Non specificato,somministrazione,Assente,misto,131.0,True,True,False,False,False,True,True,True,False,False,False,False,False,False,False,True,False,False,False,False,other,False
bar int.mazda-palace,VIA,SANT' ELIA ANTONIO,33,6458,8,accesso esterno,92,Non specificato,somministrazione,Assente,al banco,85.0,True,False,False,False,False,False,False,True,False,False,False,False,False,False,False,True,False,False,False,False,horeca,False
bar int.palestra,VIA,BEZZECCA,9,3075,4,accesso interno,44,Non specificato,somministrazione,Assente,al banco,38.0,True,False,False,False,False,False,False,True,False,False,False,False,False,False,False,True,False,False,False,False,horeca,False
int. ist. stomatologico i,VIA,PACE,21,3150,1,accesso interno,36,istit.stomatologico italia,somministrazione,Assente,al banco,34.0,True,False,False,False,False,False,False,True,False,False,False,False,False,False,False,True,False,False,False,False,other,False
Non specificata,GALLERIA,PASSARELLA,2,303,1,accesso esterno,360,Non specificato,somministrazione,minuto,al banco,34.0,True,False,False,False,False,False,False,True,False,False,False,True,False,False,False,True,False,False,False,False,other,False
bar caffe,VIA,PALIZZI FILIPPO,69,7451,8,accesso esterno,0,Non specificato,somministrazione,Assente,al banco,172.0,True,True,False,False,False,False,False,True,False,False,False,False,False,False,False,True,False,False,False,False,horeca,False
Non specificata,VIA,FATEBENEFRATELLI,20,144,1,accesso interno,252,circolo noi blu club,somministrazione,Assente,al banco,99.0,True,False,False,False,False,True,False,True,False,False,False,False,False,False,False,True,False,False,False,False,other,False
Non specificata,VIA,PASCOLI GIOVANNI,4,3132,3,accesso interno,155,Non specificato,somministrazione,Assente,al banco,64.0,True,False,False,False,False,False,False,True,False,False,False,False,False,False,False,True,False,False,False,False,other,False
Non specificata,VIA,FATTORI GIOVANNI,000,7452,8,area aperta recintata,0,Non specificato,somministrazione,minuto,al banco,79.0,True,False,False,False,False,False,False,True,False,False,False,True,False,False,False,True,False,False,False,False,other,False
Non specificata,VIA,ABETONE,10,3340,4,accesso interno,89,Non specificato,somministrazione,Assente,al banco,44.0,True,False,False,False,False,False,False,True,False,False,False,False,False,True,False,True,False,False,False,False,other,False
Non specificata,VIA,ROMANO GIULIO,18,4057,5,accesso interno,151,circ. parrochiale s.andrea,somministrazione,minuto,misto,154.0,True,False,False,False,False,False,False,True,True,False,False,False,False,False,False,True,False,False,False,False,other,False
Non specificata,VIA,BEZZOLA ANTONIO,6,6309,7,accesso interno,34,internat. school of europe,somministrazione,Assente,self service,86.0,False,False,False,False,False,False,False,False,False,True,False,False,False,False,False,True,False,False,False,False,other,False
casa cura la madonnina,VIA,QUADRONNO,029,4021,1,accesso interno,205,casa di cura la madonnina,somministrazione,Assente,self service,135.0,True,False,False,False,False,False,False,False,False,True,False,False,True,False,False,True,False,True,False,True,hospital,True
c/o zurich italia,VIA,CRESPI BENIGNO,19,1313,9,accesso interno,0,zurich italia,somministrazione,Assente,self service,197.0,True,False,False,False,False,False,False,False,False,True,False,False,False,False,True,True,False,False,False,False,other,False
Non specificata,VIA,VALLA LORENZO,1,5336,5,accesso interno,39,Non specificato,somministrazione,Assente,al banco,54.0,True,False,False,False,False,False,False,False,False,False,False,True,False,False,False,True,False,False,False,False,other,False
play planet,VIA,AIROLO,4,1333,9,accesso esterno,81,Non specificato,somministrazione,Assente,al banco,102.0,True,False,False,False,False,False,False,True,False,False,False,True,False,False,False,True,False,False,False,False,other,False
bar stazione,PIAZZALE,STAZIONE DI PORTA GENOVA,4,5120,6,accesso interno,47,Non specificato,somministrazione,Assente,misto,92.0,True,False,False,False,False,False,False,True,False,False,False,False,True,False,True,True,False,True,False,True,horeca,False
tonic bar,VIA,MESTRE,7,2647,3,accesso interno,59,Non specificato,somministrazione,Assente,misto,203.0,True,True,False,False,False,False,False,True,False,False,False,False,True,False,True,True,True,True,True,True,horeca,False
de sade,VIA,VALTELLINA,021,1188,9,accesso esterno,104,Non specificato,somministrazione,Assente,al banco,153.0,True,False,False,False,False,False,True,True,False,False,False,False,True,False,True,True,True,True,True,True,other,False
Non specificata,VIA,VERITA' DON GIOVANNI,25,1469,9,accesso interno,15,Non specificato,somministrazione,Assente,misto,170.0,True,False,False,False,False,False,False,False,False,False,False,False,False,False,False,False,False,False,False,True,other,False
Non specificata,VIA,DELLE FORZE ARMATE,34,6643,7,accesso esterno,197,Non specificato,somministrazione,Assente,al banco,54.0,True,False,False,False,False,False,False,False,False,False,False,False,False,False,False,False,False,False,False,False,other,False
Non specificata,VIA,GALLARATE,40,7420,8,accesso interno,0,Non specificato,somministrazione,Assente,al banco,57.0,True,False,False,False,False,False,False,False,False,False,False,False,False,False,False,False,False,False,False,False,other,False
